-- phpMyAdmin SQL Dump
-- version 5.2.2
-- https://www.phpmyadmin.net/
--
-- Host: 127.0.0.1:3306
-- Generation Time: Mar 13, 2025 at 12:49 AM
-- Server version: 8.0.36-28
-- PHP Version: 8.1.31

SET SQL_MODE = "NO_AUTO_VALUE_ON_ZERO";
START TRANSACTION;
SET time_zone = "+00:00";


/*!40101 SET @OLD_CHARACTER_SET_CLIENT=@@CHARACTER_SET_CLIENT */;
/*!40101 SET @OLD_CHARACTER_SET_RESULTS=@@CHARACTER_SET_RESULTS */;
/*!40101 SET @OLD_COLLATION_CONNECTION=@@COLLATION_CONNECTION */;
/*!40101 SET NAMES utf8mb4 */;

--
-- Database: `vDGD48L5ghoBNqvKbvAv`
--

-- --------------------------------------------------------

--
-- Table structure for table `accounts_admin`
--

CREATE TABLE `accounts_admin` (
  `ac_id` bigint UNSIGNED NOT NULL COMMENT 'รหัสประจำตัวแอดมิน (Primary Key)',
  `ac_code` varchar(255) COLLATE utf8mb4_general_ci NOT NULL COMMENT 'รหัสเฉพาะของแอดมิน (Unique)',
  `ac_email` varchar(255) COLLATE utf8mb4_general_ci NOT NULL COMMENT 'อีเมลของแอดมิน (Unique)',
  `ac_password` text COLLATE utf8mb4_general_ci NOT NULL COMMENT 'รหัสผ่านของแอดมิน (เข้ารหัส)',
  `ac_fname` varchar(100) COLLATE utf8mb4_general_ci NOT NULL COMMENT 'ชื่อจริงของแอดมิน',
  `ac_lname` varchar(100) COLLATE utf8mb4_general_ci NOT NULL COMMENT 'นามสกุลของแอดมิน',
  `ac_niname` varchar(100) COLLATE utf8mb4_general_ci NOT NULL COMMENT 'ชื่อเล่นของแอดมิน',
  `datetime` timestamp NULL DEFAULT NULL COMMENT 'วันเวลาที่บันทึกข้อมูล',
  `created_at` timestamp NULL DEFAULT NULL COMMENT 'วันเวลาที่สร้างข้อมูล',
  `updated_at` timestamp NULL DEFAULT NULL COMMENT 'วันเวลาที่อัพเดทข้อมูลล่าสุด',
  `deleted_at` timestamp NULL DEFAULT NULL COMMENT 'วันเวลาที่ลบข้อมูล (Soft Delete)',
  `ac_delete` tinyint(1) NOT NULL DEFAULT '0' COMMENT 'สถานะการลบ (0 = ใช้งาน, 1 = ลบ)',
  `RoleID` int NOT NULL COMMENT 'รหัสบทบาทของแอดมิน (Foreign Key จากตาราง roles)',
  `ac_referral` varchar(50) COLLATE utf8mb4_general_ci DEFAULT NULL COMMENT 'รหัสแนะนำของแอดมิน'
) ENGINE=InnoDB DEFAULT CHARSET=utf8mb4 COLLATE=utf8mb4_general_ci;

--
-- Dumping data for table `accounts_admin`
--

INSERT INTO `accounts_admin` (`ac_id`, `ac_code`, `ac_email`, `ac_password`, `ac_fname`, `ac_lname`, `ac_niname`, `datetime`, `created_at`, `updated_at`, `deleted_at`, `ac_delete`, `RoleID`, `ac_referral`) VALUES
(1, 'bmU-85368698', 'system@system.com', '$2y$10$ma0fgCcmUmN4sC0mw.yvVOAxU100bJlnsxyoenmsmniNHmbgh8j.C', 'system', 'system', 'system', NULL, '2024-06-18 13:21:27', '2024-07-02 08:06:43', NULL, 0, 4, NULL),
(2, 'bmU-85368699', 'sadmin@gmail.com', '$2y$10$4IWS/MKlpdiVP6rt01NNLuS6W6V/6YetpKxZTO3/Uj70iVDXus0Mm', 'Super Admin', 'Super Admin', 'Super Admin', NULL, '2024-06-18 13:21:27', '2024-07-02 08:06:43', NULL, 0, 4, NULL);

-- --------------------------------------------------------

--
-- Table structure for table `banklists`
--

CREATE TABLE `banklists` (
  `blit_id` bigint NOT NULL COMMENT 'รหัสประจำตัวบัญชีธนาคาร (Primary Key)',
  `ac_code` varchar(255) COLLATE utf8mb4_general_ci NOT NULL COMMENT 'รหัสแอดมินที่เป็นเจ้าของบัญชี (Foreign Key จาก accounts_admin)',
  `bank_id` bigint NOT NULL COMMENT 'รหัสชื่อธนาคาร (Foreign Key จาก banks)',
  `blit_number` varchar(50) COLLATE utf8mb4_general_ci NOT NULL COMMENT 'เลขที่บัญชีธนาคาร (Unique)',
  `blit_name` varchar(100) COLLATE utf8mb4_general_ci NOT NULL COMMENT 'ชื่อบัญชีธนาคาร',
  `created_at` timestamp NOT NULL COMMENT 'วันเวลาที่สร้างข้อมูล',
  `updated_at` timestamp NOT NULL COMMENT 'วันเวลาที่อัพเดทข้อมูลล่าสุด',
  `blit_delete` tinyint(1) NOT NULL DEFAULT '0' COMMENT 'สถานะการลบ (0 = ใช้งาน, 1 = ลบ)',
  `blit_image` varchar(100) COLLATE utf8mb4_general_ci DEFAULT NULL COMMENT 'ชื่อไฟล์รูปภาพของบัญชี (ถ้ามี)',
  `blit_remain` decimal(65,2) NOT NULL DEFAULT '0.00' COMMENT 'ยอดเงินคงเหลือในบัญชี',
  `blit_delete_ad_code` varchar(255) COLLATE utf8mb4_general_ci NOT NULL COMMENT 'รหัสแอดมินที่ทำการลบ (ถ้ามีการลบ)'
) ENGINE=InnoDB DEFAULT CHARSET=utf8mb4 COLLATE=utf8mb4_general_ci;

--
-- Dumping data for table `banklists`
--

INSERT INTO `banklists` (`blit_id`, `ac_code`, `bank_id`, `blit_number`, `blit_name`, `created_at`, `updated_at`, `blit_delete`, `blit_image`, `blit_remain`, `blit_delete_ad_code`) VALUES
(1, 'bmU-85368698', 25, '9999999999', 'System Bank', '2024-07-13 09:30:33', '2024-07-13 09:31:59', 0, NULL, 0.00, '');

-- --------------------------------------------------------

--
-- Table structure for table `banks`
--

CREATE TABLE `banks` (
  `bank_id` bigint NOT NULL COMMENT 'รหัสประจำตัวธนาคาร (Primary Key)',
  `bank_name` varchar(100) COLLATE utf8mb4_general_ci DEFAULT NULL COMMENT 'ชื่อธนาคารภาษาไทย',
  `bank_icon` varchar(50) COLLATE utf8mb4_general_ci DEFAULT NULL COMMENT 'ชื่อไฟล์ไอคอนของธนาคาร',
  `created_at` timestamp NULL DEFAULT NULL COMMENT 'วันเวลาที่สร้างข้อมูล',
  `update_at` timestamp NULL DEFAULT NULL COMMENT 'วันเวลาที่อัพเดทข้อมูลล่าสุด',
  `bank_delete` tinyint(1) NOT NULL DEFAULT '0' COMMENT 'สถานะการลบ (0 = ใช้งาน, 1 = ลบ)',
  `bank_nameEN` varchar(100) COLLATE utf8mb4_general_ci DEFAULT NULL COMMENT 'ชื่อธนาคารภาษาอังกฤษ'
) ENGINE=InnoDB DEFAULT CHARSET=utf8mb4 COLLATE=utf8mb4_general_ci;

--
-- Dumping data for table `banks`
--

INSERT INTO `banks` (`bank_id`, `bank_name`, `bank_icon`, `created_at`, `update_at`, `bank_delete`, `bank_nameEN`) VALUES
(1, 'ธนาคารแห่งประเทศไทย', 'Seal_of_the_Bank_of_Thailand', '2024-06-09 00:00:44', '2024-06-26 15:50:48', 0, 'Bank of Thailand'),
(2, 'ธนาคารกรุงเทพ', NULL, '2024-06-09 00:00:44', '2024-06-26 15:50:48', 0, 'BANGKOK BANK PUBLIC COMPANY LIMITED'),
(3, 'ธนาคารกสิกรไทย', NULL, '2024-06-09 00:00:44', '2024-06-26 15:50:48', 0, 'KASIKORNBANK PUBLIC COMPANY LIMITED'),
(4, 'ธนาคารกรุงไทย', NULL, '2024-06-09 00:00:44', '2024-06-26 15:50:48', 0, 'Krung Thai Bank Public Company Limited'),
(5, 'ธนาคารทหารไทยธนชาต', NULL, '2024-06-09 00:00:44', '2024-06-26 15:50:48', 0, 'TMBThanachart Bank Public Company Limited'),
(6, 'ธนาคารไทยพาณิชย์', NULL, '2024-06-09 00:00:44', '2024-06-26 15:50:48', 0, 'Siam Commercial Bank PCL.'),
(7, 'ธนาคารกรุงศรีอยุธยา', NULL, '2024-06-09 00:00:44', '2024-06-26 15:50:48', 0, 'BANK OF AYUDHYA PUBLIC COMPANY LIMITED'),
(8, 'ธนาคารเกียรตินาคินภัทร', NULL, '2024-06-09 00:00:44', '2024-06-26 15:50:48', 0, 'KIATNAKIN PHATRA BANK PUBLIC COMPANY LIMITED'),
(9, 'ธนาคารซีไอเอ็มบีไทย', NULL, '2024-06-09 00:00:44', '2024-06-26 15:50:48', 0, 'CIMB THAI BANK PUBLIC COMPANY LIMITED'),
(10, 'ธนาคารทิสโก้', NULL, '2024-06-09 00:00:44', '2024-06-26 15:50:48', 0, 'TISCO BANK PUBLIC COMPANY LIMITED'),
(11, 'ธนาคารยูโอบี', NULL, '2024-06-09 00:00:44', '2024-06-26 15:50:48', 0, 'UNITED OVERSEAS BANK (THAI) PUBLIC COMPANY LIMITED (UOB)'),
(12, 'ธนาคารไทยเครดิต', NULL, '2024-06-09 00:00:44', '2024-06-26 15:50:48', 0, 'THAI CREDIT BANK PUBLIC COMPANY LIMITED'),
(13, 'ธนาคารแลนด์ แอนด์ เฮ้าส์', NULL, '2024-06-09 00:00:44', '2024-06-26 15:50:48', 0, 'LAND AND HOUSES BANK PUBLIC COMPANY LIMITED'),
(14, 'ธนาคารไอซีบีซี (ไทย)', NULL, '2024-06-09 00:00:44', '2024-06-09 00:00:44', 0, ''),
(15, 'ธนาคารพัฒนาวิสาหกิจขนาดกลางและขนาดย่อมแห่งประเทศไทย', NULL, '2024-06-09 00:00:44', '2024-06-26 15:50:48', 0, 'Small and Medium Enterprise Development Bank of Thailand'),
(16, 'ธนาคารเพื่อการเกษตรและสหกรณ์การเกษตร', NULL, '2024-06-09 00:00:44', '2024-06-26 15:50:48', 0, 'Bank for Agriculture and Agricultural Cooperatives (BAAC)'),
(17, 'ธนาคารเพื่อการส่งออกและนำเข้าแห่งประเทศไทย', NULL, '2024-06-09 00:00:44', '2024-06-09 00:00:44', 0, ''),
(18, 'ธนาคารออมสิน', NULL, '2024-06-09 00:00:44', '2024-06-09 00:00:44', 0, ''),
(19, 'ธนาคารอาคารสงเคราะห์', NULL, '2024-06-09 00:00:44', '2024-06-09 00:00:44', 0, ''),
(20, 'ธนาคารอิสลามแห่งประเทศไทย', NULL, '2024-06-09 00:00:44', '2024-06-09 00:00:44', 0, ''),
(21, 'ธนาคารเมกะ สากลพาณิชย์', NULL, '2024-06-09 00:00:44', '2024-06-09 00:00:44', 0, ''),
(22, 'ธนาคารแห่งประเทศจีน (ไทย)', NULL, '2024-06-09 00:00:44', '2024-06-09 00:00:44', 0, ''),
(23, 'ธนาคารเอเอ็นแซด (ไทย)', NULL, '2024-06-09 00:00:44', '2024-06-09 00:00:44', 0, ''),
(24, 'ธนาคารซูมิโตโม มิตซุย ทรัสต์ (ไทย)', NULL, '2024-06-09 00:00:44', '2024-06-09 00:00:44', 0, ''),
(25, 'System Bank', NULL, '2024-06-18 13:29:34', '2024-06-18 13:29:34', 0, 'System Bank'),
(26, 'วอเลต', NULL, '2024-06-18 13:29:34', '2024-06-18 13:29:34', 0, 'Wallet');

-- --------------------------------------------------------

--
-- Table structure for table `bank_statements`
--

CREATE TABLE `bank_statements` (
  `bstate_id` bigint NOT NULL COMMENT 'รหัสประจำตัวรายการธนาคาร (Primary Key)',
  `bank_id` bigint NOT NULL COMMENT 'รหัสธนาคาร (Foreign Key จาก banks)',
  `blit_id` bigint NOT NULL COMMENT 'รหัสบัญชีธนาคาร (Foreign Key จาก banklists)',
  `user_id` int DEFAULT NULL COMMENT 'รหัสผู้ใช้ (Foreign Key จาก members)',
  `status_id` int DEFAULT NULL COMMENT 'รหัสสถานะ (Foreign Key จาก status)',
  `bstate_IN` tinyint(1) NOT NULL DEFAULT '0' COMMENT 'สถานะเงินเข้า (0 = ไม่เข้า, 1 = เข้า)',
  `bstate_out` tinyint(1) NOT NULL DEFAULT '0' COMMENT 'สถานะเงินออก (0 = ไม่ออก, 1 = ออก)',
  `bstate_note` text COLLATE utf8mb4_general_ci COMMENT 'หมายเหตุของรายการ',
  `bstate_remain` decimal(65,2) NOT NULL COMMENT 'ยอดเงินคงเหลือ',
  `money_incoming` decimal(65,2) NOT NULL COMMENT 'จำนวนเงินที่เข้า',
  `money_out` decimal(65,2) NOT NULL COMMENT 'จำนวนเงินที่ออก',
  `bstate_delete` tinyint(1) NOT NULL DEFAULT '0' COMMENT 'สถานะการลบ (0 = ใช้งาน, 1 = ลบ)',
  `datetime` datetime DEFAULT NULL COMMENT 'วันเวลาของรายการ',
  `created_at` timestamp NOT NULL COMMENT 'วันเวลาที่สร้างข้อมูล',
  `updated_at` timestamp NOT NULL COMMENT 'วันเวลาที่อัพเดทข้อมูลล่าสุด',
  `deleted_at` int DEFAULT NULL COMMENT 'วันเวลาที่ลบข้อมูล (ในรูปแบบ integer)',
  `ac_code` varchar(100) COLLATE utf8mb4_general_ci NOT NULL COMMENT 'รหัสแอดมินที่ทำรายการ (Foreign Key จาก accounts_admin)',
  `bstate_slip` varchar(100) COLLATE utf8mb4_general_ci DEFAULT NULL COMMENT 'ชื่อไฟล์สลิป (ถ้ามี)'
) ENGINE=InnoDB DEFAULT CHARSET=utf8mb4 COLLATE=utf8mb4_general_ci;

-- --------------------------------------------------------

--
-- Table structure for table `ci_sessions`
--

CREATE TABLE `ci_sessions` (
  `id` varchar(128) COLLATE utf8mb4_general_ci NOT NULL COMMENT 'รหัสเซสชัน (Primary Key)',
  `ip_address` varchar(45) COLLATE utf8mb4_general_ci NOT NULL COMMENT 'ที่อยู่ IP ของผู้ใช้',
  `timestamp` bigint UNSIGNED NOT NULL DEFAULT '0' COMMENT 'เวลาเซสชันในรูปแบบ timestamp',
  `data` blob NOT NULL COMMENT 'ข้อมูลเซสชันที่ถูกเก็บในรูปแบบ binary'
) ENGINE=InnoDB DEFAULT CHARSET=utf8mb4 COLLATE=utf8mb4_general_ci;

--
-- Dumping data for table `ci_sessions`
--

INSERT INTO `ci_sessions` (`id`, `ip_address`, `timestamp`, `data`) VALUES
('ci_session:06tga8fb4spjadsre4hpgd7rqkbnr5f1', '147.93.105.43', 20250312064523, 0x5f5f63695f6c6173745f726567656e65726174657c693a313734313733363732333b6c616e677c733a323a22656e223b),
('ci_session:0li99ei6sit036ooei4s2ceaqf20595a', '147.93.105.43', 20250312064527, 0x5f5f63695f6c6173745f726567656e65726174657c693a313734313733363732373b6c616e677c733a323a22656e223b),
('ci_session:0mnqup9oufcpkshkb4tu6qhahg30r25f', '135.148.195.2', 20250312122018, 0x5f5f63695f6c6173745f726567656e65726174657c693a313734313735363831383b73746174657c733a36343a2238333836373762666261383735313933653030653564356631303834303863353962316365396664623666363931353261643639613130316130333536613134223b5f63695f70726576696f75735f75726c7c733a32373a2268747470733a2f2f7468373737676b66312e636f6d2f6c6f67696e223b),
('ci_session:0vsh7d69oei06l3bnd36ucj4ltcumgm3', '147.93.105.43', 20250312182416, 0x5f5f63695f6c6173745f726567656e65726174657c693a313734313737383635363b6c616e677c733a323a22656e223b),
('ci_session:1f3cbd5dqcgbguhgjumicd6jbr3ssub4', '193.233.233.29', 20250312101035, 0x5f5f63695f6c6173745f726567656e65726174657c693a313734313734393033353b73746174657c733a36343a2266643133353835363763376533383866316163303662376461643336653738316331336233666461643338333437393364323465616166303937343632393466223b5f63695f70726576696f75735f75726c7c733a32373a2268747470733a2f2f7468373737676b66312e636f6d2f6c6f67696e223b),
('ci_session:1g5fb6o77rfmh5ht88ij8tc2c66tph33', '147.93.105.43', 20250312182407, 0x5f5f63695f6c6173745f726567656e65726174657c693a313734313737383634373b6c616e677c733a323a22656e223b),
('ci_session:1qn946qk40dhmu914jieh1f6s27v2pjb', '119.96.24.54', 20250313044204, 0x5f5f63695f6c6173745f726567656e65726174657c693a313734313831353732343b73746174657c733a36343a2236653164663336643739333230653639316265623335383630613630613836326165393933303163626534626134646265333339353766386432313339623664223b5f63695f70726576696f75735f75726c7c733a32373a2268747470733a2f2f7468373737676b66312e636f6d2f6c6f67696e223b),
('ci_session:1rnd0mfvbdko5hcc505gd6elclh382e1', '147.93.105.43', 20250312015920, 0x5f5f63695f6c6173745f726567656e65726174657c693a313734313731393536303b6c616e677c733a323a22656e223b),
('ci_session:2gfv8q7l4k1kb0j89hcjbu8qcj094ptf', '49.237.46.11', 20250313033149, 0x5f5f63695f6c6173745f726567656e65726174657c693a313734313831313530393b5f63695f70726576696f75735f75726c7c733a33333a2268747470733a2f2f7468373737676b66312e636f6d2f617574682f7369676e696e223b),
('ci_session:3truq01me2hovb8luhuvhvvgqbgs6r6t', '103.115.175.155', 20250312154053, 0x5f5f63695f6c6173745f726567656e65726174657c693a313734313736383835333b73746174657c733a36343a2238613466353165383062623663336631653936303234373432656633663036383337613831623363306464303835626232616463393466303231623830363064223b5f63695f70726576696f75735f75726c7c733a32373a2268747470733a2f2f7468373737676b66312e636f6d2f6c6f67696e223b),
('ci_session:4d0splgbbjqlne59086hn1rmo9he31it', '34.70.197.129', 20250312215740, 0x5f5f63695f6c6173745f726567656e65726174657c693a313734313739313436303b73746174657c733a36343a2231303430306233306630643734663330643531613138376438646438373863326361363533313562386461616435643764633238656230336462363962326335223b5f63695f70726576696f75735f75726c7c733a32373a2268747470733a2f2f7468373737676b66312e636f6d2f6c6f67696e223b),
('ci_session:4ev5l70gbqsvuoueg0sinmec50nufhmj', '147.93.105.43', 20250312182423, 0x5f5f63695f6c6173745f726567656e65726174657c693a313734313737383636333b6c616e677c733a323a22656e223b),
('ci_session:528llp5ossusma294bne2ns4kvih1fl2', '147.93.105.43', 20250313035613, 0x5f5f63695f6c6173745f726567656e65726174657c693a313734313831323937333b6c616e677c733a323a22656e223b),
('ci_session:5teoobbkj8ujdku45bjv1tkvju9oqg9b', '147.92.179.111', 20250312174038, 0x5f5f63695f6c6173745f726567656e65726174657c693a313734313737363033383b5f63695f70726576696f75735f75726c7c733a33333a2268747470733a2f2f7468373737676b66312e636f6d2f617574682f7369676e696e223b),
('ci_session:5um27hfjpj0cl104pfie0gd7maf1k145', '35.247.126.77', 20250312071616, 0x5f5f63695f6c6173745f726567656e65726174657c693a313734313733383537363b73746174657c733a36343a2230316134303764333561343236326338303566393966653537653365666465316138376361373031343336343331636338653931313137643661303964363432223b5f63695f70726576696f75735f75726c7c733a32373a2268747470733a2f2f7468373737676b66312e636f6d2f6c6f67696e223b),
('ci_session:60612cbh75t5d182obb95r95l5ngagbu', '147.92.179.113', 20250313064532, 0x5f5f63695f6c6173745f726567656e65726174657c693a313734313832333133323b73746174657c733a36343a2237363563616361333763323766333831343961306361393332353135393835613833346663323564636364663837346131663032643332323037653935313465223b5f63695f70726576696f75735f75726c7c733a32373a2268747470733a2f2f7468373737676b66312e636f6d2f6c6f67696e223b),
('ci_session:63ljkgnd1fbgvtfdno160ibqk67veveo', '34.66.19.20', 20250312193520, 0x5f5f63695f6c6173745f726567656e65726174657c693a313734313738323932303b73746174657c733a36343a2262386531313530356632396363323933383666356636333034343638396130366138383232376361386630663031323730623930613761373562353834373830223b5f63695f70726576696f75735f75726c7c733a32373a2268747470733a2f2f7468373737676b66312e636f6d2f6c6f67696e223b),
('ci_session:83f5n2grl7akho8926rjh5ss58pb4d2m', '1.47.222.185', 20250313020841, 0x5f5f63695f6c6173745f726567656e65726174657c693a313734313830363532313b5f63695f70726576696f75735f75726c7c733a33333a2268747470733a2f2f7468373737676b66312e636f6d2f617574682f7369676e696e223b),
('ci_session:88ktr5fp528sm6k81iq5lptp1p4m8o7k', '49.237.40.93', 20250312182727, 0x5f5f63695f6c6173745f726567656e65726174657c693a313734313737383834373b73746174657c733a36343a2234623236313139653866333462333535313765626339636336353436363635633931313164333466386139353733626335366366343363313164343634663339223b5f63695f70726576696f75735f75726c7c733a33393a2268747470733a2f2f7468373737676b66312e636f6d2f637573746f6d65722f7265676973746572223b6c616e677c733a323a22656e223b6572726f727c733a3134323a227b2274656c5f70686f6e65223a225c75306534305c75306531615c75306532645c75306532335c75306534635c75306531395c75306533355c75306534395c75306531365c75306533395c75306530315c75306534335c75306530615c75306534395c75306530375c75306533325c75306531395c75306534315c75306532355c75306534395c7530653237227d223b5f5f63695f766172737c613a313a7b733a353a226572726f72223b733a333a226f6c64223b7d),
('ci_session:8bmr2fsi7qdq40b68tp3cbam72m299v8', '147.93.105.43', 20250312064305, 0x5f5f63695f6c6173745f726567656e65726174657c693a313734313733363538353b6c616e677c733a323a22656e223b),
('ci_session:91d771ksmd0ccefd6fnpfo7tv3ovp762', '138.197.125.48', 20250312034142, 0x5f5f63695f6c6173745f726567656e65726174657c693a313734313732353730323b73746174657c733a36343a2263613235346438636431386563383130633636633238383333336364633134336235613438656532663534393131643530386135323661646633353163313638223b5f63695f70726576696f75735f75726c7c733a32373a2268747470733a2f2f7468373737676b66312e636f6d2f6c6f67696e223b),
('ci_session:93uh1ts31dqnaa2t9h99sd0jb6i6qlpm', '49.237.23.33', 20250313040940, 0x5f5f63695f6c6173745f726567656e65726174657c693a313734313831333736343b73746174657c733a36343a2232663665373839373334393664323363303239303532303438643135353561616365333764663639613936636263616433333061376330353762336133653333223b5f63695f70726576696f75735f75726c7c733a32373a2268747470733a2f2f7468373737676b66312e636f6d2f6c6f67696e223b6572726f727c733a39393a22e0b980e0b89ae0b8ade0b8a3e0b98ce0b8a1e0b8b7e0b8ade0b896e0b8b7e0b8ade0b8abe0b8a3e0b8b7e0b8ade0b8a3e0b8abe0b8b1e0b8aae0b89ce0b988e0b8b2e0b899e0b984e0b8a1e0b988e0b896e0b8b9e0b881e0b895e0b989e0b8ade0b887223b5f5f63695f766172737c613a313a7b733a353a226572726f72223b733a333a226f6c64223b7d),
('ci_session:b3hr41alr38nr1iigk11etpd58k52097', '147.93.105.43', 20250312182354, 0x5f5f63695f6c6173745f726567656e65726174657c693a313734313737383633333b6c616e677c733a323a22656e223b),
('ci_session:b6mo05o7qn9vrrdts5v72uf6etkfd0r4', '147.93.105.43', 20250313035239, 0x5f5f63695f6c6173745f726567656e65726174657c693a313734313831323735393b6c616e677c733a323a22656e223b),
('ci_session:biq1r0e45n0o9iia8l2vcq4lig3ieaae', '147.93.105.43', 20250313035325, 0x5f5f63695f6c6173745f726567656e65726174657c693a313734313831323830353b6c616e677c733a323a22656e223b),
('ci_session:bo6bp2ta6roh9m3am27vho0jmqsrkfis', '43.143.60.88', 20250312133949, 0x5f5f63695f6c6173745f726567656e65726174657c693a313734313736313538393b73746174657c733a36343a2261353338383235396339646565353833623434623534623734636636333530653365303961386134653331306563383064383665316565316339363034383033223b5f63695f70726576696f75735f75726c7c733a32373a2268747470733a2f2f7468373737676b66312e636f6d2f6c6f67696e223b),
('ci_session:cm494tv2merqk7lifnn2kjdbj3svg4ud', '49.237.8.150', 20250312182330, 0x5f5f63695f6c6173745f726567656e65726174657c693a313734313737383631303b73746174657c733a36343a2265383833376666343139326632613438656463373633363830373331653437383637353964383533303363333434656539363066636561346564613133373762223b5f63695f70726576696f75735f75726c7c733a32373a2268747470733a2f2f7468373737676b66312e636f6d2f6c6f67696e223b),
('ci_session:cn62sl37aovqr2vu2o1c5naq3435o6d3', '49.237.21.205', 20250312064459, 0x5f5f63695f6c6173745f726567656e65726174657c693a313734313733363639393b73746174657c733a36343a2266373635636130396632666136353665646231316565623963633034613464396230613032613035323662343938663138316465363430363865383062363266223b5f63695f70726576696f75735f75726c7c733a37303a2268747470733a2f2f7468373737676b66312e636f6d2f61646d696e2f672f6c642f4335333833376164313433316137393931623330323134336435386539613031632f312f31223b747970657c733a353a2261646d696e223b746f6b656e7c733a3335323a2265794a30655841694f694a4b563151694c434a68624763694f694a49557a55784d694a392e65794a68624763694f694a49557a55784d694973496d6c7a63794936496b705856434973496e523563434936496b705856434973496d46315a434936496e7463496d567459576c735843493658434a7a59575274615735415a323168615777755932397458434a394969776963335669496a6f695447396e61573467536c64554969776961574630496a6f784e7a51784e7a4d324e5463354c434a6c654841694f6a45334e4445344d6a49354e7a6b73496d567459576c73496a6f696332466b62576c755147647459576c734c6d4e7662534973496d7868626d63694f694a6c62694a392e6c4a33597856376c4b6474424b69384f6c58326e43452d2d475f4e6f57624d4b396971377a5331676c444e616a6332615f53675a384d786f31395832786b436e59757863344e44657a304a63457556684a4174487251223b61635f636f64657c733a31323a22626d552d3835333638363939223b757365727c4f3a383a22737464436c617373223a373a7b733a383a2261635f656d61696c223b733a31363a227361646d696e40676d61696c2e636f6d223b733a373a2261635f636f6465223b733a31323a22626d552d3835333638363939223b733a383a2261635f666e616d65223b733a31313a2253757065722041646d696e223b733a383a2261635f6c6e616d65223b733a31313a2253757065722041646d696e223b733a393a2261635f6e696e616d65223b733a31313a2253757065722041646d696e223b733a363a22526f6c654944223b733a313a2234223b733a343a22726f6c65223b4f3a383a22737464436c617373223a323a7b733a363a22526f6c654944223b733a313a2234223b733a383a22526f6c654e616d65223b733a31313a2253757065722041646d696e223b7d7d6c616e677c733a323a22656e223b6465746f6b656e7c613a393a7b733a333a22616c67223b733a353a224853353132223b733a333a22697373223b733a333a224a5754223b733a333a22747970223b733a333a224a5754223b733a333a22617564223b733a32383a227b22656d61696c223a227361646d696e40676d61696c2e636f6d227d223b733a333a22737562223b733a393a224c6f67696e204a5754223b733a333a22696174223b693a313734313733363537393b733a333a22657870223b693a313734313832323937393b733a353a22656d61696c223b733a31363a227361646d696e40676d61696c2e636f6d223b733a343a226c616e67223b733a323a22656e223b7d),
('ci_session:dll4vgg0o7ohg5j0fbjrth7sol40r5lo', '49.237.40.93', 20250312180005, 0x5f5f63695f6c6173745f726567656e65726174657c693a313734313737373230353b73746174657c733a36343a2236303662386433353136653234386630643166663933343865353761623130313232323361393966326635666335666562303431623634663935333534633832223b5f63695f70726576696f75735f75726c7c733a33393a2268747470733a2f2f7468373737676b66312e636f6d2f637573746f6d65722f7265676973746572223b6c616e677c733a323a22656e223b6572726f727c733a36303a22e0b8a3e0b8abe0b8b1e0b8aae0b895e0b8b1e0b8a7e0b981e0b897e0b899e0b984e0b8a1e0b988e0b896e0b8b9e0b881e0b895e0b989e0b8ade0b887223b5f5f63695f766172737c613a313a7b733a353a226572726f72223b733a333a226f6c64223b7d),
('ci_session:epv9d8biko20ekbg2ptnvonskfmgaur9', '147.93.105.43', 20250312182402, 0x5f5f63695f6c6173745f726567656e65726174657c693a313734313737383634323b6c616e677c733a323a22656e223b),
('ci_session:f72c9f97k1556egr9n95g7bbh1isqjdj', '207.170.178.90', 20250312082548, 0x5f5f63695f6c6173745f726567656e65726174657c693a313734313734323734383b73746174657c733a36343a2239353036643735353732383366393831393031643965633838396162633366336639646430633166313462643138333138306564633466363662333766616263223b5f63695f70726576696f75735f75726c7c733a32373a2268747470733a2f2f7468373737676b66312e636f6d2f6c6f67696e223b),
('ci_session:ft507145b3tndnhevnp1fg4c2k6a6bkc', '49.237.46.11', 20250313032324, 0x5f5f63695f6c6173745f726567656e65726174657c693a313734313831313030343b5f63695f70726576696f75735f75726c7c733a33333a2268747470733a2f2f7468373737676b66312e636f6d2f617574682f7369676e696e223b),
('ci_session:g0cu1o2k96r8ht8cr6kvviuptlob9415', '49.237.46.11', 20250313042338, 0x5f5f63695f6c6173745f726567656e65726174657c693a313734313831343333303b5f63695f70726576696f75735f75726c7c733a32373a2268747470733a2f2f7468373737676b66312e636f6d2f6c6f67696e223b6c616e677c733a323a22656e223b73746174657c733a36343a2262303964623638376433376239313962316661373538386236646537386338666331393235333166626633613065353361646536373463346464333336633862223b747970657c733a353a2261646d696e223b61635f636f64657c733a31323a22626d552d3835333638363939223b757365727c4f3a383a22737464436c617373223a373a7b733a383a2261635f656d61696c223b733a31363a227361646d696e40676d61696c2e636f6d223b733a373a2261635f636f6465223b733a31323a22626d552d3835333638363939223b733a383a2261635f666e616d65223b733a31313a2253757065722041646d696e223b733a383a2261635f6c6e616d65223b733a31313a2253757065722041646d696e223b733a393a2261635f6e696e616d65223b733a31313a2253757065722041646d696e223b733a363a22526f6c654944223b733a313a2234223b733a343a22726f6c65223b4f3a383a22737464436c617373223a323a7b733a363a22526f6c654944223b733a313a2234223b733a383a22526f6c654e616d65223b733a31313a2253757065722041646d696e223b7d7d6465746f6b656e7c613a393a7b733a333a22616c67223b733a353a224853353132223b733a333a22697373223b733a333a224a5754223b733a333a22747970223b733a333a224a5754223b733a333a22617564223b733a32383a227b22656d61696c223a227361646d696e40676d61696c2e636f6d227d223b733a333a22737562223b733a393a224c6f67696e204a5754223b733a333a22696174223b693a313734313831343334383b733a333a22657870223b693a313734313930303734383b733a353a22656d61696c223b733a31363a227361646d696e40676d61696c2e636f6d223b733a343a226c616e67223b733a323a22656e223b7d746f6b656e7c733a3335323a2265794a30655841694f694a4b563151694c434a68624763694f694a49557a55784d694a392e65794a68624763694f694a49557a55784d694973496d6c7a63794936496b705856434973496e523563434936496b705856434973496d46315a434936496e7463496d567459576c735843493658434a7a59575274615735415a323168615777755932397458434a394969776963335669496a6f695447396e61573467536c64554969776961574630496a6f784e7a51784f4445304d7a51344c434a6c654841694f6a45334e4445354d4441334e446773496d567459576c73496a6f696332466b62576c755147647459576c734c6d4e7662534973496d7868626d63694f694a6c62694a392e387769784244695273476b4e79353247765a77706b55374a4d747966676b374a616e2d6e617768352d535149523573595178335f3977677242354f3976576d7a354941724571774a5538777639584f41713851666777223b),
('ci_session:g9vigfmekb5er1fqum5ibn6kqc24a27p', '147.93.105.43', 20250313035325, 0x5f5f63695f6c6173745f726567656e65726174657c693a313734313831323830353b6c616e677c733a323a22656e223b),
('ci_session:gnv7n7f65ni5hvrnvhgnfbbl3ms2rs4p', '49.237.40.93', 20250312182727, 0x5f5f63695f6c6173745f726567656e65726174657c693a313734313737383834373b73746174657c733a36343a2265316239376530623966376664663835663738653230306161663732633065646432666530633335646635376336376232323065623964636166376634616238223b5f63695f70726576696f75735f75726c7c733a32373a2268747470733a2f2f7468373737676b66312e636f6d2f6c6f67696e223b6c616e677c733a323a22656e223b),
('ci_session:hkjell8rkshobfjbk31alo2nmknm6tko', '147.93.105.43', 20250313035713, 0x5f5f63695f6c6173745f726567656e65726174657c693a313734313831333033333b6c616e677c733a323a22656e223b),
('ci_session:hopr1u1v4jdfr2iru8n4928skd7gilo1', '49.237.46.11', 20250313035552, 0x5f5f63695f6c6173745f726567656e65726174657c693a313734313831323935323b5f63695f70726576696f75735f75726c7c733a33333a2268747470733a2f2f7468373737676b66312e636f6d2f61646d696e2f6d2f762f31223b6c616e677c733a323a22656e223b73746174657c733a36343a2231313039653539363636326432306338373862383138363562613530396331333865633035646365353137343530323332623764616265643363346165616432223b747970657c733a353a2261646d696e223b746f6b656e7c733a3335323a2265794a30655841694f694a4b563151694c434a68624763694f694a49557a55784d694a392e65794a68624763694f694a49557a55784d694973496d6c7a63794936496b705856434973496e523563434936496b705856434973496d46315a434936496e7463496d567459576c735843493658434a7a59575274615735415a323168615777755932397458434a394969776963335669496a6f695447396e61573467536c64554969776961574630496a6f784e7a51784f4445794e7a55304c434a6c654841694f6a45334e4445344f546b784e545173496d567459576c73496a6f696332466b62576c755147647459576c734c6d4e7662534973496d7868626d63694f694a6c62694a392e737438475838796267334b7173726d5a4f5f3447636a39444f49372d30496e4238446465375663667a5f556b43487a4d5871595a36616d536137714c5467316f50777543572d49744a486659666845764c62305f5067223b61635f636f64657c733a31323a22626d552d3835333638363939223b757365727c4f3a383a22737464436c617373223a373a7b733a383a2261635f656d61696c223b733a31363a227361646d696e40676d61696c2e636f6d223b733a373a2261635f636f6465223b733a31323a22626d552d3835333638363939223b733a383a2261635f666e616d65223b733a31313a2253757065722041646d696e223b733a383a2261635f6c6e616d65223b733a31313a2253757065722041646d696e223b733a393a2261635f6e696e616d65223b733a31313a2253757065722041646d696e223b733a363a22526f6c654944223b733a313a2234223b733a343a22726f6c65223b4f3a383a22737464436c617373223a323a7b733a363a22526f6c654944223b733a313a2234223b733a383a22526f6c654e616d65223b733a31313a2253757065722041646d696e223b7d7d6465746f6b656e7c613a393a7b733a333a22616c67223b733a353a224853353132223b733a333a22697373223b733a333a224a5754223b733a333a22747970223b733a333a224a5754223b733a333a22617564223b733a32383a227b22656d61696c223a227361646d696e40676d61696c2e636f6d227d223b733a333a22737562223b733a393a224c6f67696e204a5754223b733a333a22696174223b693a313734313831323735343b733a333a22657870223b693a313734313839393135343b733a353a22656d61696c223b733a31363a227361646d696e40676d61696c2e636f6d223b733a343a226c616e67223b733a323a22656e223b7d),
('ci_session:hrm8sen0pme7lrfsml96r1uqb8n5ma82', '147.93.105.43', 20250312182402, 0x5f5f63695f6c6173745f726567656e65726174657c693a313734313737383634323b6c616e677c733a323a22656e223b),
('ci_session:i3h41bv1k6nu08kr7k80likqnnivvt3v', '147.93.105.43', 20250312182411, 0x5f5f63695f6c6173745f726567656e65726174657c693a313734313737383635313b6c616e677c733a323a22656e223b),
('ci_session:ipnapcvjno2e3qntqec0voks89lgqmft', '124.70.203.191', 20250312100510, 0x5f5f63695f6c6173745f726567656e65726174657c693a313734313734383731303b73746174657c733a36343a2263326439623965303835656634366265396665363033613663656265616164356638316662316139383536626231383964313365356465373739333863383633223b5f63695f70726576696f75735f75726c7c733a32373a2268747470733a2f2f7468373737676b66312e636f6d2f6c6f67696e223b),
('ci_session:ir59s5p2tu8ppras8h67c6389etha2ep', '194.26.192.169', 20250312151723, 0x5f5f63695f6c6173745f726567656e65726174657c693a313734313736373434333b73746174657c733a36343a2234353939616134623530313765616263323432303666383134373231316637666161313738623334333638656562646535623838663464393930636636313766223b5f63695f70726576696f75735f75726c7c733a32373a2268747470733a2f2f7468373737676b66312e636f6d2f6c6f67696e223b),
('ci_session:irpd65pd3csg3otrplkbq7lr91520h15', '49.237.13.173', 20250312182639, 0x5f5f63695f6c6173745f726567656e65726174657c693a313734313737383739393b73746174657c733a36343a2235323965333534653430643536623661373639666630316466383432343338326135633233316265323763366331643262326431653830376231303562336230223b5f63695f70726576696f75735f75726c7c733a33343a2268747470733a2f2f7468373737676b66312e636f6d2f75736572732f7369676e696e223b737563636573737c733a31363a2252656769737465722053756363657373223b5f5f63695f766172737c613a313a7b733a373a2273756363657373223b733a333a226f6c64223b7d),
('ci_session:jkj4hrq542lhhqftsnvnbbf8cn586qo4', '49.237.23.33', 20250313041617, 0x5f5f63695f6c6173745f726567656e65726174657c693a313734313831343137373b5f63695f70726576696f75735f75726c7c733a33333a2268747470733a2f2f7468373737676b66312e636f6d2f617574682f7369676e696e223b747970657c733a353a2261646d696e223b61635f636f64657c733a31323a22626d552d3835333638363939223b757365727c4f3a383a22737464436c617373223a373a7b733a383a2261635f656d61696c223b733a31363a227361646d696e40676d61696c2e636f6d223b733a373a2261635f636f6465223b733a31323a22626d552d3835333638363939223b733a383a2261635f666e616d65223b733a31313a2253757065722041646d696e223b733a383a2261635f6c6e616d65223b733a31313a2253757065722041646d696e223b733a393a2261635f6e696e616d65223b733a31313a2253757065722041646d696e223b733a363a22526f6c654944223b733a313a2234223b733a343a22726f6c65223b4f3a383a22737464436c617373223a323a7b733a363a22526f6c654944223b733a313a2234223b733a383a22526f6c654e616d65223b733a31313a2253757065722041646d696e223b7d7d6c616e677c733a323a22656e223b6465746f6b656e7c613a393a7b733a333a22616c67223b733a353a224853353132223b733a333a22697373223b733a333a224a5754223b733a333a22747970223b733a333a224a5754223b733a333a22617564223b733a32383a227b22656d61696c223a227361646d696e40676d61696c2e636f6d227d223b733a333a22737562223b733a393a224c6f67696e204a5754223b733a333a22696174223b693a313734313831333835303b733a333a22657870223b693a313734313930303235303b733a353a22656d61696c223b733a31363a227361646d696e40676d61696c2e636f6d223b733a343a226c616e67223b733a323a22656e223b7d),
('ci_session:jv94jjhq9dhk989dqn720cd88so0bgp7', '1.47.222.185', 20250313020841, 0x5f5f63695f6c6173745f726567656e65726174657c693a313734313830363532313b73746174657c733a36343a2266353963646336396431313337636366313061666234393334393463306230323437636166626233656437343539316332633139366137343266333631333234223b5f63695f70726576696f75735f75726c7c733a32373a2268747470733a2f2f7468373737676b66312e636f6d2f6c6f67696e223b),
('ci_session:k21ioja8jas11g8n7lkfjss5fhc85cuf', '147.92.179.111', 20250312174151, 0x5f5f63695f6c6173745f726567656e65726174657c693a313734313737363131313b5f63695f70726576696f75735f75726c7c733a33333a2268747470733a2f2f7468373737676b66312e636f6d2f617574682f7369676e696e223b),
('ci_session:k6q21091d8md76mfnvcorjig4e0idira', '49.237.23.33', 20250313041641, 0x5f5f63695f6c6173745f726567656e65726174657c693a313734313831343137393b5f63695f70726576696f75735f75726c7c733a33373a2268747470733a2f2f7468373737676b66312e636f6d2f61646d696e2f64617368626f617264223b747970657c733a353a2261646d696e223b746f6b656e7c733a3335323a2265794a30655841694f694a4b563151694c434a68624763694f694a49557a55784d694a392e65794a68624763694f694a49557a55784d694973496d6c7a63794936496b705856434973496e523563434936496b705856434973496d46315a434936496e7463496d567459576c735843493658434a7a59575274615735415a323168615777755932397458434a394969776963335669496a6f695447396e61573467536c64554969776961574630496a6f784e7a51784f4445304d546b354c434a6c654841694f6a45334e4445354d4441314f546b73496d567459576c73496a6f696332466b62576c755147647459576c734c6d4e7662534973496d7868626d63694f694a6c62694a392e576a364c4a6f6434783439706d45596a35302d50547779347634733477552d375a6d5a726a79504c51575f6a792d437048396d704a53534b34386d3838724b57313941464b536a45727239504373474a657545366841223b61635f636f64657c733a31323a22626d552d3835333638363939223b757365727c4f3a383a22737464436c617373223a373a7b733a383a2261635f656d61696c223b733a31363a227361646d696e40676d61696c2e636f6d223b733a373a2261635f636f6465223b733a31323a22626d552d3835333638363939223b733a383a2261635f666e616d65223b733a31313a2253757065722041646d696e223b733a383a2261635f6c6e616d65223b733a31313a2253757065722041646d696e223b733a393a2261635f6e696e616d65223b733a31313a2253757065722041646d696e223b733a363a22526f6c654944223b733a313a2234223b733a343a22726f6c65223b4f3a383a22737464436c617373223a323a7b733a363a22526f6c654944223b733a313a2234223b733a383a22526f6c654e616d65223b733a31313a2253757065722041646d696e223b7d7d6c616e677c733a323a22656e223b6465746f6b656e7c613a393a7b733a333a22616c67223b733a353a224853353132223b733a333a22697373223b733a333a224a5754223b733a333a22747970223b733a333a224a5754223b733a333a22617564223b733a32383a227b22656d61696c223a227361646d696e40676d61696c2e636f6d227d223b733a333a22737562223b733a393a224c6f67696e204a5754223b733a333a22696174223b693a313734313831343139393b733a333a22657870223b693a313734313930303539393b733a353a22656d61696c223b733a31363a227361646d696e40676d61696c2e636f6d223b733a343a226c616e67223b733a323a22656e223b7d),
('ci_session:kvmk3517ohgc6qj92gnql1m1p1mrl70a', '49.237.9.178', 20250312185943, 0x5f5f63695f6c6173745f726567656e65726174657c693a313734313738303738333b73746174657c733a36343a2265383833376666343139326632613438656463373633363830373331653437383637353964383533303363333434656539363066636561346564613133373762223b5f63695f70726576696f75735f75726c7c733a32373a2268747470733a2f2f7468373737676b66312e636f6d2f61646d696e223b747970657c733a353a2261646d696e223b746f6b656e7c733a3335323a2265794a30655841694f694a4b563151694c434a68624763694f694a49557a55784d694a392e65794a68624763694f694a49557a55784d694973496d6c7a63794936496b705856434973496e523563434936496b705856434973496d46315a434936496e7463496d567459576c735843493658434a7a59575274615735415a323168615777755932397458434a394969776963335669496a6f695447396e61573467536c64554969776961574630496a6f784e7a51784e7a63344e6a49324c434a6c654841694f6a45334e4445344e6a55774d6a5973496d567459576c73496a6f696332466b62576c755147647459576c734c6d4e7662534973496d7868626d63694f694a6c62694a392e372d746b50387a4a6c66716d7a336b6d67585049534d4373553837467952565468312d4d767042664c78584e5577716550735f7a672d344e33444c2d4c3476564f52773830564567434936356c793130576768646e67223b61635f636f64657c733a31323a22626d552d3835333638363939223b757365727c4f3a383a22737464436c617373223a373a7b733a383a2261635f656d61696c223b733a31363a227361646d696e40676d61696c2e636f6d223b733a373a2261635f636f6465223b733a31323a22626d552d3835333638363939223b733a383a2261635f666e616d65223b733a31313a2253757065722041646d696e223b733a383a2261635f6c6e616d65223b733a31313a2253757065722041646d696e223b733a393a2261635f6e696e616d65223b733a31313a2253757065722041646d696e223b733a363a22526f6c654944223b733a313a2234223b733a343a22726f6c65223b4f3a383a22737464436c617373223a323a7b733a363a22526f6c654944223b733a313a2234223b733a383a22526f6c654e616d65223b733a31313a2253757065722041646d696e223b7d7d6c616e677c733a323a22656e223b6465746f6b656e7c613a393a7b733a333a22616c67223b733a353a224853353132223b733a333a22697373223b733a333a224a5754223b733a333a22747970223b733a333a224a5754223b733a333a22617564223b733a32383a227b22656d61696c223a227361646d696e40676d61696c2e636f6d227d223b733a333a22737562223b733a393a224c6f67696e204a5754223b733a333a22696174223b693a313734313737383632363b733a333a22657870223b693a313734313836353032363b733a353a22656d61696c223b733a31363a227361646d696e40676d61696c2e636f6d223b733a343a226c616e67223b733a323a22656e223b7d),
('ci_session:l9s0hgf7sbsq25en59g5hktqkh2i74oi', '49.237.40.93', 20250312174953, 0x5f5f63695f6c6173745f726567656e65726174657c693a313734313737363539333b73746174657c733a36343a2236303662386433353136653234386630643166663933343865353761623130313232323361393966326635666335666562303431623634663935333534633832223b5f63695f70726576696f75735f75726c7c733a33393a2268747470733a2f2f7468373737676b66312e636f6d2f637573746f6d65722f7265676973746572223b6c616e677c733a323a22656e223b),
('ci_session:lcvpncjkkiee15vb63rl09jhiqghmgi6', '49.237.23.33', 20250313041312, 0x5f5f63695f6c6173745f726567656e65726174657c693a313734313831333939323b5f63695f70726576696f75735f75726c7c733a33333a2268747470733a2f2f7468373737676b66312e636f6d2f617574682f7369676e696e223b),
('ci_session:lm5m8gijq4b54qek0t33ml4h3u9o079t', '147.93.105.43', 20250313035325, 0x5f5f63695f6c6173745f726567656e65726174657c693a313734313831323830353b6c616e677c733a323a22656e223b),
('ci_session:lnlefnhh9ar7nissnqj7uli58th1e88q', '49.237.21.205', 20250312064812, 0x5f5f63695f6c6173745f726567656e65726174657c693a313734313733363836313b5f63695f70726576696f75735f75726c7c733a32393a2268747470733a2f2f7468373737676b66312e636f6d2f61646d696e2f62223b747970657c733a353a2261646d696e223b746f6b656e7c733a3335323a2265794a30655841694f694a4b563151694c434a68624763694f694a49557a55784d694a392e65794a68624763694f694a49557a55784d694973496d6c7a63794936496b705856434973496e523563434936496b705856434973496d46315a434936496e7463496d567459576c735843493658434a7a59575274615735415a323168615777755932397458434a394969776963335669496a6f695447396e61573467536c64554969776961574630496a6f784e7a51784e7a4d324f4467304c434a6c654841694f6a45334e4445344d6a4d794f445173496d567459576c73496a6f696332466b62576c755147647459576c734c6d4e7662534973496d7868626d63694f694a6c62694a392e554b5742502d3039786b514435764c76347648334a70427541544257783775744755754858564634626f56425368636342706130776c504a5763734b656f2d462d757a5f31506330645737554d44484e4b4866633241223b61635f636f64657c733a31323a22626d552d3835333638363939223b757365727c4f3a383a22737464436c617373223a373a7b733a383a2261635f656d61696c223b733a31363a227361646d696e40676d61696c2e636f6d223b733a373a2261635f636f6465223b733a31323a22626d552d3835333638363939223b733a383a2261635f666e616d65223b733a31313a2253757065722041646d696e223b733a383a2261635f6c6e616d65223b733a31313a2253757065722041646d696e223b733a393a2261635f6e696e616d65223b733a31313a2253757065722041646d696e223b733a363a22526f6c654944223b733a313a2234223b733a343a22726f6c65223b4f3a383a22737464436c617373223a323a7b733a363a22526f6c654944223b733a313a2234223b733a383a22526f6c654e616d65223b733a31313a2253757065722041646d696e223b7d7d6c616e677c733a323a22656e223b6465746f6b656e7c613a393a7b733a333a22616c67223b733a353a224853353132223b733a333a22697373223b733a333a224a5754223b733a333a22747970223b733a333a224a5754223b733a333a22617564223b733a32383a227b22656d61696c223a227361646d696e40676d61696c2e636f6d227d223b733a333a22737562223b733a393a224c6f67696e204a5754223b733a333a22696174223b693a313734313733363838343b733a333a22657870223b693a313734313832333238343b733a353a22656d61696c223b733a31363a227361646d696e40676d61696c2e636f6d223b733a343a226c616e67223b733a323a22656e223b7d),
('ci_session:m1lhq1miam3629i3qgq010p3bkp9va7f', '147.93.105.43', 20250312182411, 0x5f5f63695f6c6173745f726567656e65726174657c693a313734313737383635313b6c616e677c733a323a22656e223b),
('ci_session:m772h3os0clh6i93asag6us19r5ugvls', '147.93.105.43', 20250312182402, 0x5f5f63695f6c6173745f726567656e65726174657c693a313734313737383634323b6c616e677c733a323a22656e223b),
('ci_session:mfg3lkf3ikjlkigk2o2flqeldldvopki', '49.237.22.202', 20250312044429, 0x5f5f63695f6c6173745f726567656e65726174657c693a313734313732393436393b73746174657c733a36343a2265386439366565376330393535303332653036333637376637666435663830363037636161616335623061623233656265623266643735636439656134626535223b5f63695f70726576696f75735f75726c7c733a32373a2268747470733a2f2f7468373737676b66312e636f6d2f6c6f67696e223b),
('ci_session:mvh4184ekk77ts5ukmjc7lg5dsuum2m5', '49.237.14.12', 20250312064651, 0x5f5f63695f6c6173745f726567656e65726174657c693a313734313733363736353b5f63695f70726576696f75735f75726c7c733a33393a2268747470733a2f2f7468373737676b66312e636f6d2f637573746f6d65722f7265676973746572223b73746174657c733a36343a2235383861353732366333653265666362333666316366373231313961376630616139323333653938616261643266636437383264363533623534356263613335223b6c616e677c733a323a22656e223b),
('ci_session:o09lle3hn4tpragpsv5cu1l6vgvn6qn4', '49.237.23.248', 20250312042254, 0x5f5f63695f6c6173745f726567656e65726174657c693a313734313732383137343b73746174657c733a36343a2238393764626232313439383230353062343930316137313634643431383634373838626538343838373931336634363966613762306234396131616530336562223b5f63695f70726576696f75735f75726c7c733a32373a2268747470733a2f2f7468373737676b66312e636f6d2f6c6f67696e223b),
('ci_session:o7lnjvbciq4r72006ldm6lbhebvr2bcq', '1.47.222.185', 20250312190033, 0x5f5f63695f6c6173745f726567656e65726174657c693a313734313738303833333b5f63695f70726576696f75735f75726c7c733a33333a2268747470733a2f2f7468373737676b66312e636f6d2f617574682f7369676e696e223b),
('ci_session:ojhdoep47h5jsnj42n2rq21fapck9lbf', '18.204.42.74', 20250312150344, 0x5f5f63695f6c6173745f726567656e65726174657c693a313734313736363632343b73746174657c733a36343a2232643733663633303761643830356633383161636164643866656161613462306332303539376332376566373866373537376464306366383331373939346535223b5f63695f70726576696f75735f75726c7c733a32373a2268747470733a2f2f7468373737676b66312e636f6d2f6c6f67696e223b),
('ci_session:okdutsbdhi94sogi1k2rluh0k3dglnr1', '49.237.13.173', 20250312182639, 0x5f5f63695f6c6173745f726567656e65726174657c693a313734313737383739393b73746174657c733a36343a2266313963303165623734346436356232316538363439383034623533653030366436326635663164363131613033663731626561383265663931343738363331223b5f63695f70726576696f75735f75726c7c733a33393a2268747470733a2f2f7468373737676b66312e636f6d2f637573746f6d65722f7265676973746572223b),
('ci_session:p6a56vtc00p7vfjdgd077oi6jhf2ntr8', '49.237.33.99', 20250312175611, 0x5f5f63695f6c6173745f726567656e65726174657c693a313734313737363937313b73746174657c733a36343a2266313963303165623734346436356232316538363439383034623533653030366436326635663164363131613033663731626561383265663931343738363331223b5f63695f70726576696f75735f75726c7c733a33343a2268747470733a2f2f7468373737676b66312e636f6d2f75736572732f7369676e696e223b737563636573737c733a31363a2252656769737465722053756363657373223b5f5f63695f766172737c613a313a7b733a373a2273756363657373223b733a333a226f6c64223b7d),
('ci_session:pkj64vhfo0n87t55g89f5kdmc5gt2nm8', '46.17.174.173', 20250312054613, 0x5f5f63695f6c6173745f726567656e65726174657c693a313734313733333137333b73746174657c733a36343a2266616437663163333662323061626664303437313638346538323334616333656639393330333237396564656139353361323066356434356139653637323761223b5f63695f70726576696f75735f75726c7c733a32373a2268747470733a2f2f7468373737676b66312e636f6d2f6c6f67696e223b),
('ci_session:po8ti57t49ve66slqdarjfnfeh3089k9', '147.92.179.115', 20250313033552, 0x5f5f63695f6c6173745f726567656e65726174657c693a313734313831313735323b73746174657c733a36343a2266643535643438376265356533343434616533306232613733306163646132383539383236323733376361636365313639343263316666313739393035326436223b5f63695f70726576696f75735f75726c7c733a32373a2268747470733a2f2f7468373737676b66312e636f6d2f6c6f67696e223b),
('ci_session:pr9lrr8b865mkas4iso5bgnpgn47rqpe', '147.92.179.113', 20250313033554, 0x5f5f63695f6c6173745f726567656e65726174657c693a313734313831313735343b5f63695f70726576696f75735f75726c7c733a33393a2268747470733a2f2f7468373737676b66312e636f6d2f637573746f6d65722f7265676973746572223b),
('ci_session:pshd276p2hv1q38e4c5649i79crihqnn', '49.237.17.238', 20250313064254, 0x5f5f63695f6c6173745f726567656e65726174657c693a313734313832323935333b73746174657c733a36343a2234386532366662653864626135656632653165643064616262366532646339343535656133353461633563373831323036343566663436313338383739303464223b5f63695f70726576696f75735f75726c7c733a32373a2268747470733a2f2f7468373737676b66312e636f6d2f6c6f67696e223b),
('ci_session:q6ra3245nrpfuba09dkdo0vtvllvpjom', '49.237.46.11', 20250313034840, 0x5f5f63695f6c6173745f726567656e65726174657c693a313734313831323532303b5f63695f70726576696f75735f75726c7c733a33393a2268747470733a2f2f7468373737676b66312e636f6d2f637573746f6d65722f7265676973746572223b6c616e677c733a323a22656e223b),
('ci_session:qe2clm1jq1luv2lf3th9uqlbuq6k3gmg', '135.148.195.16', 20250312122044, 0x5f5f63695f6c6173745f726567656e65726174657c693a313734313735363834343b73746174657c733a36343a2235613137303361376534316330353931316536653361336535306261363761333061303131646435373438346566656530643732323732373366373633666432223b5f63695f70726576696f75735f75726c7c733a36393a2268747470733a2f2f7468373737676b66312e636f6d2f6c6f67696e3f5061676553706565643d6e6f7363726970742533465061676553706565642533446e6f736372697074223b),
('ci_session:qr2mf5jptd2au5h6u7tfuvfnh7muiid1', '49.237.46.11', 20250313041850, 0x5f5f63695f6c6173745f726567656e65726174657c693a313734313831343333303b5f63695f70726576696f75735f75726c7c733a36353a2268747470733a2f2f7468373737676b66312e636f6d2f61646d696e2f672f762f433533383337616431343331613739393162333032313433643538653961303163223b6c616e677c733a323a22656e223b73746174657c733a36343a2231313039653539363636326432306338373862383138363562613530396331333865633035646365353137343530323332623764616265643363346165616432223b747970657c733a353a2261646d696e223b61635f636f64657c733a31323a22626d552d3835333638363939223b757365727c4f3a383a22737464436c617373223a373a7b733a383a2261635f656d61696c223b733a31363a227361646d696e40676d61696c2e636f6d223b733a373a2261635f636f6465223b733a31323a22626d552d3835333638363939223b733a383a2261635f666e616d65223b733a31313a2253757065722041646d696e223b733a383a2261635f6c6e616d65223b733a31313a2253757065722041646d696e223b733a393a2261635f6e696e616d65223b733a31313a2253757065722041646d696e223b733a363a22526f6c654944223b733a313a2234223b733a343a22726f6c65223b4f3a383a22737464436c617373223a323a7b733a363a22526f6c654944223b733a313a2234223b733a383a22526f6c654e616d65223b733a31313a2253757065722041646d696e223b7d7d6465746f6b656e7c613a393a7b733a333a22616c67223b733a353a224853353132223b733a333a22697373223b733a333a224a5754223b733a333a22747970223b733a333a224a5754223b733a333a22617564223b733a32383a227b22656d61696c223a227361646d696e40676d61696c2e636f6d227d223b733a333a22737562223b733a393a224c6f67696e204a5754223b733a333a22696174223b693a313734313831323936383b733a333a22657870223b693a313734313839393336383b733a353a22656d61696c223b733a31363a227361646d696e40676d61696c2e636f6d223b733a343a226c616e67223b733a323a22656e223b7d746f6b656e7c733a3335323a2265794a30655841694f694a4b563151694c434a68624763694f694a49557a55784d694a392e65794a68624763694f694a49557a55784d694973496d6c7a63794936496b705856434973496e523563434936496b705856434973496d46315a434936496e7463496d567459576c735843493658434a7a59575274615735415a323168615777755932397458434a394969776963335669496a6f695447396e61573467536c64554969776961574630496a6f784e7a51784f4445794f5459344c434a6c654841694f6a45334e4445344f546b7a4e6a6773496d567459576c73496a6f696332466b62576c755147647459576c734c6d4e7662534973496d7868626d63694f694a6c62694a392e624b636b61436252675667764b543639444b755649477a325f615a6d464e53472d4c4149712d6d5f7032307172457375786b566b626e7331596d4a6e62315674354d72766b50382d4b486e4d767a53626d4561436341223b),
('ci_session:r8t6ploso84mogr9flqv4d15eat6b5gv', '58.136.163.247', 20250312015920, 0x5f5f63695f6c6173745f726567656e65726174657c693a313734313731393533363b5f63695f70726576696f75735f75726c7c733a33313a2268747470733a2f2f7468373737676b66312e636f6d2f61646d696e2f672f76223b747970657c733a353a2261646d696e223b746f6b656e7c733a3335323a2265794a30655841694f694a4b563151694c434a68624763694f694a49557a55784d694a392e65794a68624763694f694a49557a55784d694973496d6c7a63794936496b705856434973496e523563434936496b705856434973496d46315a434936496e7463496d567459576c735843493658434a7a59575274615735415a323168615777755932397458434a394969776963335669496a6f695447396e61573467536c64554969776961574630496a6f784e7a51784e7a45354e5451774c434a6c654841694f6a45334e4445344d4455354e444173496d567459576c73496a6f696332466b62576c755147647459576c734c6d4e7662534973496d7868626d63694f694a6c62694a392e4b63334a6c4b685662386b774236724e77326d517141307852573478583366776b4238356b6e5772464a337a6a3970426c2d724d776b4e4c5f4a476365325462546c71493831764c685479416578397a584247343541223b61635f636f64657c733a31323a22626d552d3835333638363939223b757365727c4f3a383a22737464436c617373223a373a7b733a383a2261635f656d61696c223b733a31363a227361646d696e40676d61696c2e636f6d223b733a373a2261635f636f6465223b733a31323a22626d552d3835333638363939223b733a383a2261635f666e616d65223b733a31313a2253757065722041646d696e223b733a383a2261635f6c6e616d65223b733a31313a2253757065722041646d696e223b733a393a2261635f6e696e616d65223b733a31313a2253757065722041646d696e223b733a363a22526f6c654944223b733a313a2234223b733a343a22726f6c65223b4f3a383a22737464436c617373223a323a7b733a363a22526f6c654944223b733a313a2234223b733a383a22526f6c654e616d65223b733a31313a2253757065722041646d696e223b7d7d6c616e677c733a323a22656e223b6465746f6b656e7c613a393a7b733a333a22616c67223b733a353a224853353132223b733a333a22697373223b733a333a224a5754223b733a333a22747970223b733a333a224a5754223b733a333a22617564223b733a32383a227b22656d61696c223a227361646d696e40676d61696c2e636f6d227d223b733a333a22737562223b733a393a224c6f67696e204a5754223b733a333a22696174223b693a313734313731393534303b733a333a22657870223b693a313734313830353934303b733a353a22656d61696c223b733a31363a227361646d696e40676d61696c2e636f6d223b733a343a226c616e67223b733a323a22656e223b7d),
('ci_session:rai9q36mnasjvdkaper1que3timsf7ui', '49.237.20.42', 20250312190446, 0x5f5f63695f6c6173745f726567656e65726174657c693a313734313738313038363b73746174657c733a36343a2265383833376666343139326632613438656463373633363830373331653437383637353964383533303363333434656539363066636561346564613133373762223b5f63695f70726576696f75735f75726c7c733a33333a2268747470733a2f2f7468373737676b66312e636f6d2f617574682f7369676e696e223b747970657c733a353a2261646d696e223b61635f636f64657c733a31323a22626d552d3835333638363939223b757365727c4f3a383a22737464436c617373223a373a7b733a383a2261635f656d61696c223b733a31363a227361646d696e40676d61696c2e636f6d223b733a373a2261635f636f6465223b733a31323a22626d552d3835333638363939223b733a383a2261635f666e616d65223b733a31313a2253757065722041646d696e223b733a383a2261635f6c6e616d65223b733a31313a2253757065722041646d696e223b733a393a2261635f6e696e616d65223b733a31313a2253757065722041646d696e223b733a363a22526f6c654944223b733a313a2234223b733a343a22726f6c65223b4f3a383a22737464436c617373223a323a7b733a363a22526f6c654944223b733a313a2234223b733a383a22526f6c654e616d65223b733a31313a2253757065722041646d696e223b7d7d6c616e677c733a323a227468223b6465746f6b656e7c613a393a7b733a333a22616c67223b733a353a224853353132223b733a333a22697373223b733a333a224a5754223b733a333a22747970223b733a333a224a5754223b733a333a22617564223b733a32383a227b22656d61696c223a227361646d696e40676d61696c2e636f6d227d223b733a333a22737562223b733a393a224c6f67696e204a5754223b733a333a22696174223b693a313734313738303839363b733a333a22657870223b693a313734313836373239363b733a353a22656d61696c223b733a31363a227361646d696e40676d61696c2e636f6d223b733a343a226c616e67223b733a323a22656e223b7d),
('ci_session:rfjger8203ifantln98o1tca7g34rock', '147.93.105.43', 20250312064520, 0x5f5f63695f6c6173745f726567656e65726174657c693a313734313733363732303b6c616e677c733a323a22656e223b),
('ci_session:rlict79b59r7941b555nc6kn0bc0crgd', '49.237.46.11', 20250313040054, 0x5f5f63695f6c6173745f726567656e65726174657c693a313734313831333235343b5f63695f70726576696f75735f75726c7c733a36353a2268747470733a2f2f7468373737676b66312e636f6d2f61646d696e2f672f762f433533383337616431343331613739393162333032313433643538653961303163223b6c616e677c733a323a22656e223b73746174657c733a36343a2231313039653539363636326432306338373862383138363562613530396331333865633035646365353137343530323332623764616265643363346165616432223b747970657c733a353a2261646d696e223b61635f636f64657c733a31323a22626d552d3835333638363939223b757365727c4f3a383a22737464436c617373223a373a7b733a383a2261635f656d61696c223b733a31363a227361646d696e40676d61696c2e636f6d223b733a373a2261635f636f6465223b733a31323a22626d552d3835333638363939223b733a383a2261635f666e616d65223b733a31313a2253757065722041646d696e223b733a383a2261635f6c6e616d65223b733a31313a2253757065722041646d696e223b733a393a2261635f6e696e616d65223b733a31313a2253757065722041646d696e223b733a363a22526f6c654944223b733a313a2234223b733a343a22726f6c65223b4f3a383a22737464436c617373223a323a7b733a363a22526f6c654944223b733a313a2234223b733a383a22526f6c654e616d65223b733a31313a2253757065722041646d696e223b7d7d6465746f6b656e7c613a393a7b733a333a22616c67223b733a353a224853353132223b733a333a22697373223b733a333a224a5754223b733a333a22747970223b733a333a224a5754223b733a333a22617564223b733a32383a227b22656d61696c223a227361646d696e40676d61696c2e636f6d227d223b733a333a22737562223b733a393a224c6f67696e204a5754223b733a333a22696174223b693a313734313831323936383b733a333a22657870223b693a313734313839393336383b733a353a22656d61696c223b733a31363a227361646d696e40676d61696c2e636f6d223b733a343a226c616e67223b733a323a22656e223b7d746f6b656e7c733a3335323a2265794a30655841694f694a4b563151694c434a68624763694f694a49557a55784d694a392e65794a68624763694f694a49557a55784d694973496d6c7a63794936496b705856434973496e523563434936496b705856434973496d46315a434936496e7463496d567459576c735843493658434a7a59575274615735415a323168615777755932397458434a394969776963335669496a6f695447396e61573467536c64554969776961574630496a6f784e7a51784f4445794f5459344c434a6c654841694f6a45334e4445344f546b7a4e6a6773496d567459576c73496a6f696332466b62576c755147647459576c734c6d4e7662534973496d7868626d63694f694a6c62694a392e624b636b61436252675667764b543639444b755649477a325f615a6d464e53472d4c4149712d6d5f7032307172457375786b566b626e7331596d4a6e62315674354d72766b50382d4b486e4d767a53626d4561436341223b),
('ci_session:s04odhlm50tfnpc4m41j8jnuscv89523', '57.130.19.36', 20250312183259, 0x5f5f63695f6c6173745f726567656e65726174657c693a313734313737393137393b73746174657c733a36343a2232636562333765336339666239323561353839613862666432386263323239353937653535353562333965313266666666353761363762613337356361376333223b5f63695f70726576696f75735f75726c7c733a32373a2268747470733a2f2f7468373737676b66312e636f6d2f6c6f67696e223b),
('ci_session:sp1ql5u04trnnn9inpgvdagubs5ao5lg', '49.237.46.11', 20250313033707, 0x5f5f63695f6c6173745f726567656e65726174657c693a313734313831313832373b5f63695f70726576696f75735f75726c7c733a33333a2268747470733a2f2f7468373737676b66312e636f6d2f617574682f7369676e696e223b6c616e677c733a323a22656e223b),
('ci_session:sq21u7331ktinlc4p7pu8e4uhls9rljb', '147.92.179.113', 20250312064544, 0x5f5f63695f6c6173745f726567656e65726174657c693a313734313733363734343b73746174657c733a36343a2230666538336539636338383233653037663130396465343361633562663037303939356234653831343966353861323837363565353961623861393036646132223b5f63695f70726576696f75735f75726c7c733a32373a2268747470733a2f2f7468373737676b66312e636f6d2f6c6f67696e223b),
('ci_session:tbesbfoahlmect7j3nn000pi27rvvct7', '147.93.105.43', 20250312182411, 0x5f5f63695f6c6173745f726567656e65726174657c693a313734313737383635313b6c616e677c733a323a22656e223b),
('ci_session:ude2add2c6348vi0uc7hc4nd27iv3kth', '147.93.105.43', 20250313040048, 0x5f5f63695f6c6173745f726567656e65726174657c693a313734313831333234383b6c616e677c733a323a22656e223b),
('ci_session:vfqrqh7c43ic9h7g0er2gt66g1qaagbs', '49.237.20.42', 20250312190646, 0x5f5f63695f6c6173745f726567656e65726174657c693a313734313738313038363b73746174657c733a36343a2265383833376666343139326632613438656463373633363830373331653437383637353964383533303363333434656539363066636561346564613133373762223b5f63695f70726576696f75735f75726c7c733a33333a2268747470733a2f2f7468373737676b66312e636f6d2f617574682f7369676e696e223b747970657c733a353a2261646d696e223b61635f636f64657c733a31323a22626d552d3835333638363939223b757365727c4f3a383a22737464436c617373223a373a7b733a383a2261635f656d61696c223b733a31363a227361646d696e40676d61696c2e636f6d223b733a373a2261635f636f6465223b733a31323a22626d552d3835333638363939223b733a383a2261635f666e616d65223b733a31313a2253757065722041646d696e223b733a383a2261635f6c6e616d65223b733a31313a2253757065722041646d696e223b733a393a2261635f6e696e616d65223b733a31313a2253757065722041646d696e223b733a363a22526f6c654944223b733a313a2234223b733a343a22726f6c65223b4f3a383a22737464436c617373223a323a7b733a363a22526f6c654944223b733a313a2234223b733a383a22526f6c654e616d65223b733a31313a2253757065722041646d696e223b7d7d6c616e677c733a323a227468223b6465746f6b656e7c613a393a7b733a333a22616c67223b733a353a224853353132223b733a333a22697373223b733a333a224a5754223b733a333a22747970223b733a333a224a5754223b733a333a22617564223b733a32383a227b22656d61696c223a227361646d696e40676d61696c2e636f6d227d223b733a333a22737562223b733a393a224c6f67696e204a5754223b733a333a22696174223b693a313734313738303839363b733a333a22657870223b693a313734313836373239363b733a353a22656d61696c223b733a31363a227361646d696e40676d61696c2e636f6d223b733a343a226c616e67223b733a323a22656e223b7d),
('ci_session:vt4d8frnpebarbvh18ca5q0rchi189gc', '49.237.22.202', 20250312063934, 0x5f5f63695f6c6173745f726567656e65726174657c693a313734313733363337343b73746174657c733a36343a2262613435333834613339343530383935376361366365386564626461363263663037666533623162393737666137336234623931326235393266333462383038223b5f63695f70726576696f75735f75726c7c733a32373a2268747470733a2f2f7468373737676b66312e636f6d2f6c6f67696e223b6572726f727c733a39393a22e0b980e0b89ae0b8ade0b8a3e0b98ce0b8a1e0b8b7e0b8ade0b896e0b8b7e0b8ade0b8abe0b8a3e0b8b7e0b8ade0b8a3e0b8abe0b8b1e0b8aae0b89ce0b988e0b8b2e0b899e0b984e0b8a1e0b988e0b896e0b8b9e0b881e0b895e0b989e0b8ade0b887223b5f5f63695f766172737c613a313a7b733a353a226572726f72223b733a333a226f6c64223b7d);

-- --------------------------------------------------------

--
-- Table structure for table `gambling_histories`
--

CREATE TABLE `gambling_histories` (
  `gamb_ID` bigint NOT NULL COMMENT 'รหัสประจำตัวประวัติการพนัน (Primary Key)',
  `user_id` int DEFAULT NULL COMMENT 'รหัสผู้ใช้ (Foreign Key จาก members)',
  `glco_ID` bigint DEFAULT NULL COMMENT 'รหัสรอบการเปิดไพ่ (Foreign Key จาก group_live_card_opens)',
  `groupLive_ID` bigint DEFAULT NULL COMMENT 'รหัสกลุ่มไลฟ์ (Foreign Key จาก group_lives)',
  `msID` bigint DEFAULT NULL COMMENT 'รหัสเกม (Foreign Key จาก gamemasters)',
  `groupId` varchar(255) COLLATE utf8mb4_general_ci DEFAULT NULL COMMENT 'รหัสกลุ่ม (Foreign Key จาก groups)',
  `grId` bigint DEFAULT NULL COMMENT 'รหัสกติกาการเดิมพัน (Foreign Key จาก gamerules)',
  `glco_quantity` decimal(30,2) DEFAULT NULL COMMENT 'จำนวนเงินที่ลงเดิมพัน',
  `glco_lose` tinyint(1) DEFAULT '0' COMMENT 'สถานะแพ้ (0 = ไม่แพ้, 1 = แพ้)',
  `glco_win` tinyint(1) DEFAULT '0' COMMENT 'สถานะชนะ (0 = ไม่ชนะ, 1 = ชนะ)',
  `glco_multiply` decimal(10,2) DEFAULT NULL COMMENT 'อัตราต่อรอง (เช่น 1:1, 1:20)',
  `glco_refund` decimal(65,2) DEFAULT NULL COMMENT 'จำนวนเงินที่คืนเมื่อชนะ',
  `datetime` timestamp NULL DEFAULT NULL COMMENT 'วันเวลาของรายการ',
  `created_at` timestamp NULL DEFAULT NULL COMMENT 'วันเวลาที่สร้างข้อมูล',
  `updated_at` timestamp NULL DEFAULT NULL COMMENT 'วันเวลาที่อัพเดทข้อมูลล่าสุด',
  `deleted_at` timestamp NULL DEFAULT NULL COMMENT 'วันเวลาที่ลบข้อมูล (Soft Delete)',
  `glco_delete` tinyint(1) DEFAULT '0' COMMENT 'สถานะการลบ (0 = ใช้งาน, 1 = ลบ)',
  `glco_cancel` tinyint(1) DEFAULT '0' COMMENT 'สถานะการยกเลิก (0 = ไม่ยกเลิก, 1 = ยกเลิก)',
  `timestamp` varchar(100) COLLATE utf8mb4_general_ci DEFAULT NULL COMMENT 'ค่า timestamp เฉพาะของรายการ',
  `gamb_text` text COLLATE utf8mb4_general_ci COMMENT 'รายละเอียดเพิ่มเติมของรายการ',
  `isRedelivery` varchar(100) COLLATE utf8mb4_general_ci NOT NULL DEFAULT '0' COMMENT 'สถานะการส่งซ้ำ (0 = ไม่ส่งซ้ำ, อื่นๆ = ส่งซ้ำ)',
  `glco_success` tinyint(1) NOT NULL DEFAULT '0' COMMENT 'สถานะสำเร็จ (0 = ไม่สำเร็จ, 1 = สำเร็จ)'
) ENGINE=InnoDB DEFAULT CHARSET=utf8mb4 COLLATE=utf8mb4_general_ci;

-- --------------------------------------------------------

--
-- Table structure for table `gamemasters`
--

CREATE TABLE `gamemasters` (
  `msID` bigint NOT NULL COMMENT 'รหัสประจำตัวเกม (Primary Key)',
  `msNameT` varchar(50) COLLATE utf8mb4_general_ci DEFAULT NULL COMMENT 'ชื่อเกมภาษาไทย',
  `msNameE` varchar(50) COLLATE utf8mb4_general_ci DEFAULT NULL COMMENT 'ชื่อเกมภาษาอังกฤษ',
  `msDelete` tinyint(1) DEFAULT '0' COMMENT 'สถานะการลบ (0 = ใช้งาน, 1 = ลบ)',
  `datetime` timestamp NULL DEFAULT NULL COMMENT 'วันเวลาของรายการ',
  `created_at` timestamp NULL DEFAULT NULL COMMENT 'วันเวลาที่สร้างข้อมูล',
  `updated_at` timestamp NULL DEFAULT NULL COMMENT 'วันเวลาที่อัพเดทข้อมูลล่าสุด',
  `deleted_at` timestamp NULL DEFAULT NULL COMMENT 'วันเวลาที่ลบข้อมูล (Soft Delete)',
  `HowToPlayTextTH` text COLLATE utf8mb4_general_ci COMMENT 'วิธีการเล่นภาษาไทย',
  `HowToPlayTextEN` text COLLATE utf8mb4_general_ci COMMENT 'วิธีการเล่นภาษาอังกฤษ',
  `msRulesForPlayTH` text COLLATE utf8mb4_general_ci COMMENT 'กติกาการเล่นภาษาไทย',
  `msRulesForPlayEN` text COLLATE utf8mb4_general_ci COMMENT 'กติกาการเล่นภาษาอังกฤษ'
) ENGINE=InnoDB DEFAULT CHARSET=utf8mb4 COLLATE=utf8mb4_general_ci;

--
-- Dumping data for table `gamemasters`
--

INSERT INTO `gamemasters` (`msID`, `msNameT`, `msNameE`, `msDelete`, `datetime`, `created_at`, `updated_at`, `deleted_at`, `HowToPlayTextTH`, `HowToPlayTextEN`, `msRulesForPlayTH`, `msRulesForPlayEN`) VALUES
(1, 'เสือ - มังกร', 'Tiger - Dragon', 0, NULL, '2024-06-05 11:52:47', '2024-06-24 11:14:24', NULL, NULL, NULL, '-', '-'),
(2, 'บาคาร่า', 'Baccarat', 0, NULL, '2024-06-05 11:52:47', '2024-06-24 11:14:28', NULL, NULL, NULL, '-', '-'),
(3, 'โป๊กเกอร์', 'POKER', 0, NULL, '2024-06-05 11:52:47', '2024-06-24 11:14:28', NULL, NULL, NULL, '-', '-');

-- --------------------------------------------------------

--
-- Table structure for table `gamerules`
--

CREATE TABLE `gamerules` (
  `grId` bigint NOT NULL COMMENT 'รหัสประจำตัวกติกา (Primary Key)',
  `grName` varchar(100) COLLATE utf8mb4_general_ci DEFAULT NULL COMMENT 'ชื่อกติกาภาษาไทย',
  `grKeyLine` varchar(10) COLLATE utf8mb4_general_ci DEFAULT NULL COMMENT 'รหัสกติกาแบบสั้น',
  `grMultiply` decimal(10,2) DEFAULT '1.00' COMMENT 'อัตราต่อรอง (ค่าเริ่มต้น 1.00)',
  `grDelete` tinyint(1) DEFAULT '0' COMMENT 'สถานะการลบ (0 = ใช้งาน, 1 = ลบ)',
  `msID` bigint DEFAULT NULL COMMENT 'รหัสเกม (Foreign Key จาก gamemasters)',
  `grNote` text COLLATE utf8mb4_general_ci COMMENT 'หมายเหตุของกติกา',
  `grNameEN` varchar(100) COLLATE utf8mb4_general_ci DEFAULT NULL COMMENT 'ชื่อกติกาภาษาอังกฤษ',
  `grTextTH` text COLLATE utf8mb4_general_ci COMMENT 'คำอธิบายกติกาภาษาไทย',
  `grTextEN` text COLLATE utf8mb4_general_ci COMMENT 'คำอธิบายกติกาภาษาอังกฤษ',
  `grTextRulesTH` text COLLATE utf8mb4_general_ci COMMENT 'กฎการเล่นภาษาไทย',
  `grTextRulesEN` text COLLATE utf8mb4_general_ci COMMENT 'กฎการเล่นภาษาอังกฤษ',
  `grUrlIcon` text COLLATE utf8mb4_general_ci COMMENT 'URL ของไอคอนกติกา'
) ENGINE=InnoDB DEFAULT CHARSET=utf8mb4 COLLATE=utf8mb4_general_ci;

--
-- Dumping data for table `gamerules`
--

INSERT INTO `gamerules` (`grId`, `grName`, `grKeyLine`, `grMultiply`, `grDelete`, `msID`, `grNote`, `grNameEN`, `grTextTH`, `grTextEN`, `grTextRulesTH`, `grTextRulesEN`, `grUrlIcon`) VALUES
(1, 'เสือ', '1', 1.00, 0, 1, '', 'tiger', 'ชนะ ได้ 100', 'WIN receive 100', 'แทง เสือ 100 ได้ 100', 'Bet on Tiger 100, get 100.', 'https://img.icons8.com/?size=100&id=amr4dGCohyBU&format=png&color=111111'),
(2, 'มังกร', '2', 1.00, 0, 1, '', 'dragon', 'ชนะ ได้ 100', 'WIN receive 100', 'แทง มังกร 100 ได้ 100', 'Bet on Dragon 100 and get 100.', 'https://img.icons8.com/?size=100&id=SCY7gqvxY0DC&format=png&color=000000'),
(3, 'คู่', '3', 20.00, 0, 1, '-', 'dual', 'ชนะ ได้ 2000', 'WIN receive 2000', 'แทง คู่ 100 ได้ 2000', 'Bet on pair 100, get 2000', 'https://img.icons8.com/emoji/48/green-circle-emoji.png'),
(4, 'เสมอ', '4', 20.00, 0, 1, '-', 'always', 'ชนะ ได้ 2000', 'WIN receive 2000', 'แทง เสมอ 100 ได้ 2000', 'Always bet 100, get 2,000', 'https://img.icons8.com/ios-filled/50/F4F206/filled-circle.png'),
(5, 'ผู้เล่น', '1', 1.00, 0, 2, '-', 'PLAYER', 'ชนะ ได้ 100', 'WIN receive 100', '-แทง ผู้เล่น 100 ได้ 100', 'Bet on Player 100, get 100.', 'https://img.icons8.com/?size=100&id=SCY7gqvxY0DC&format=png&color=000000'),
(6, 'เจ้ามือ', '2', 1.00, 0, 2, '-', 'BANKER', 'ชนะ ได้ 100', 'WIN receive 100', '-แทง ผู้เล่น 100 ได้ 100', 'Bet on Banker 100, get 100.', 'https://img.icons8.com/?size=100&id=amr4dGCohyBU&format=png&color=111111'),
(7, 'เสมอ', '3', 20.00, 0, 2, '-', 'always', 'ชนะ ได้ 2000', 'WIN receive 2000', '-แทง ผู้เล่น 100 ได้ 2000', 'Bet on Banker 100, get 2000.', 'https://img.icons8.com/ios-filled/50/F4F206/filled-circle.png'),
(8, 'ขา 1 ชนะ', '1', 1.00, 0, 3, '-', 'Leg 1 wins', 'ชนะ ได้ 100', 'WIN receive 100', '- แทง ขา 1 100 ได้ 100', 'Bet 1 leg 100 get 100.', 'https://img.icons8.com/?size=100&id=SCY7gqvxY0DC&format=png&color=000000'),
(9, 'ขา 2 ชนะ', '2', 1.00, 0, 3, '-', 'Leg 2 wins', 'ชนะ ได้ 100', 'WIN receive 100', '- แทง ขา 2 100 ได้ 100', 'Bet 2 leg 100 get 100.', 'https://img.icons8.com/ios-filled/50/F4F206/filled-circle.png'),
(10, 'ขา 3 ชนะ', '3', 1.00, 0, 3, '-', 'Leg 3 wins', 'ชนะ ได้ 100', 'WIN receive 100', '- แทง ขา 3 100 ได้ 100', 'Bet 3 leg 100 get 100.', 'https://img.icons8.com/emoji/48/green-circle-emoji.png');

-- --------------------------------------------------------

--
-- Table structure for table `groupmemberlists`
--

CREATE TABLE `groupmemberlists` (
  `listId` bigint NOT NULL COMMENT 'รหัสประจำตัวรายการสมาชิกกลุ่ม (Primary Key)',
  `user_id` int NOT NULL COMMENT 'รหัสผู้ใช้ (Foreign Key จาก members)',
  `groupId` varchar(255) COLLATE utf8mb4_general_ci NOT NULL COMMENT 'รหัสกลุ่ม (Foreign Key จาก groups)',
  `listDelete` tinyint(1) NOT NULL DEFAULT '0' COMMENT 'สถานะการลบ (0 = ใช้งาน, 1 = ลบ)',
  `datetime` timestamp NULL DEFAULT NULL COMMENT 'วันเวลาของรายการ',
  `created_at` timestamp NOT NULL DEFAULT CURRENT_TIMESTAMP COMMENT 'วันเวลาที่สร้างข้อมูล',
  `updated_at` timestamp NOT NULL DEFAULT CURRENT_TIMESTAMP COMMENT 'วันเวลาที่อัพเดทข้อมูลล่าสุด',
  `deleted_at` timestamp NULL DEFAULT NULL COMMENT 'วันเวลาที่ลบข้อมูล (Soft Delete)'
) ENGINE=InnoDB DEFAULT CHARSET=utf8mb4 COLLATE=utf8mb4_general_ci;

-- --------------------------------------------------------

--
-- Table structure for table `groups`
--

CREATE TABLE `groups` (
  `groupId` varchar(255) COLLATE utf8mb4_general_ci NOT NULL COMMENT 'รหัสประจำตัวกลุ่ม (Primary Key)',
  `groupName` varchar(100) COLLATE utf8mb4_general_ci NOT NULL COMMENT 'ชื่อกลุ่ม',
  `msID` bigint DEFAULT NULL COMMENT 'รหัสเกมหลัก (Foreign Key จาก gamemasters)',
  `datetime` timestamp NULL DEFAULT NULL COMMENT 'วันเวลาของรายการ',
  `groupDelete` tinyint(1) NOT NULL DEFAULT '0' COMMENT 'สถานะการลบ (0 = ใช้งาน, 1 = ลบ)',
  `created_at` timestamp NULL DEFAULT NULL COMMENT 'วันเวลาที่สร้างข้อมูล',
  `updated_at` timestamp NULL DEFAULT NULL COMMENT 'วันเวลาที่อัพเดทข้อมูลล่าสุด',
  `deleted_at` timestamp NULL DEFAULT NULL COMMENT 'วันเวลาที่ลบข้อมูล (Soft Delete)',
  `pictureUrl` text COLLATE utf8mb4_general_ci COMMENT 'URL รูปภาพของกลุ่ม',
  `group_language` enum('th','en') COLLATE utf8mb4_general_ci DEFAULT 'th' COMMENT 'ภาษาของกลุ่ม (th = ไทย, en = อังกฤษ)',
  `GRO_Total_Quantity` decimal(65,2) NOT NULL DEFAULT '0.00' COMMENT 'จำนวนเงินทั้งหมดที่ลง',
  `GRO_Total_Payment` decimal(65,2) NOT NULL DEFAULT '0.00' COMMENT 'ยอดชำระเงินทั้งหมด',
  `GRO_Remaining_Balance` decimal(65,2) NOT NULL DEFAULT '0.00' COMMENT 'ยอดเงินคงเหลือของกลุ่ม',
  `GRO_InviteLink` text COLLATE utf8mb4_general_ci COMMENT 'ลิงค์เชิญเข้ากลุ่ม'
) ENGINE=InnoDB DEFAULT CHARSET=utf8mb4 COLLATE=utf8mb4_general_ci;

--
-- Dumping data for table `groups`
--

INSERT INTO `groups` (`groupId`, `groupName`, `msID`, `datetime`, `groupDelete`, `created_at`, `updated_at`, `deleted_at`, `pictureUrl`, `group_language`, `GRO_Total_Quantity`, `GRO_Total_Payment`, `GRO_Remaining_Balance`, `GRO_InviteLink`) VALUES
('C53837ad1431a7991b302143d58e9a01c', '777🇹🇭 {G}ThaiGKF1 {live}', 3, NULL, 0, NULL, NULL, NULL, 'https://sprofile.line-scdn.net/0hQ0Le37n4Dh9hHB-3CS9wYBFMDXVCelcbTnsSKgYUVC0PLBxNHyoTeVYYVXtVKEgaHipDflQeUHxtD3l5f0ryK2YsUy5dKkhIT35C8Q', 'th', 0.00, 0.00, 0.00, '');

-- --------------------------------------------------------

--
-- Table structure for table `group_lives`
--

CREATE TABLE `group_lives` (
  `groupLive_ID` bigint NOT NULL COMMENT 'รหัสประจำตัวกลุ่มไลฟ์ (Primary Key)',
  `groupId` varchar(255) COLLATE utf8mb4_general_ci NOT NULL COMMENT 'รหัสกลุ่ม (Foreign Key จาก groups)',
  `statusCloseLive` tinyint(1) NOT NULL DEFAULT '0' COMMENT 'สถานะปิดไลฟ์ (0 = เปิด, 1 = ปิด)',
  `datetime` datetime DEFAULT NULL COMMENT 'วันเวลาของรายการ',
  `created_at` timestamp NOT NULL COMMENT 'วันเวลาที่สร้างข้อมูล',
  `updated_at` timestamp NOT NULL COMMENT 'วันเวลาที่อัพเดทข้อมูลล่าสุด',
  `deleted_at` datetime DEFAULT NULL COMMENT 'วันเวลาที่ลบข้อมูล (Soft Delete)',
  `glDelete` tinyint(1) NOT NULL DEFAULT '0' COMMENT 'สถานะการลบ (0 = ใช้งาน, 1 = ลบ)',
  `openCardSum` int NOT NULL COMMENT 'ผลรวมของการเปิดไพ่',
  `msID` bigint NOT NULL COMMENT 'รหัสเกม (Foreign Key จาก gamemasters)',
  `GLI_Total_Quantity` decimal(65,2) DEFAULT '0.00' COMMENT 'จำนวนเงินทั้งหมดที่ลง',
  `GLI_Total_Payment` decimal(65,2) DEFAULT '0.00' COMMENT 'ยอดชำระเงินทั้งหมด',
  `GLI_Remaining_Balance` decimal(65,2) DEFAULT '0.00' COMMENT 'ยอดเงินคงเหลือ',
  `GLI_Confirm_Result` tinyint(1) NOT NULL DEFAULT '0' COMMENT 'สถานะยืนยันผล (0 = ยังไม่ยืนยัน, 1 = ยืนยันแล้ว)'
) ENGINE=InnoDB DEFAULT CHARSET=utf8mb4 COLLATE=utf8mb4_general_ci;

--
-- Dumping data for table `group_lives`
--

INSERT INTO `group_lives` (`groupLive_ID`, `groupId`, `statusCloseLive`, `datetime`, `created_at`, `updated_at`, `deleted_at`, `glDelete`, `openCardSum`, `msID`, `GLI_Total_Quantity`, `GLI_Total_Payment`, `GLI_Remaining_Balance`, `GLI_Confirm_Result`) VALUES
(1, 'C53837ad1431a7991b302143d58e9a01c', 1, NULL, '0000-00-00 00:00:00', '0000-00-00 00:00:00', NULL, 0, 200, 3, 0.00, 0.00, 0.00, 1),
(2, 'C53837ad1431a7991b302143d58e9a01c', 1, NULL, '0000-00-00 00:00:00', '0000-00-00 00:00:00', NULL, 0, 200, 3, 0.00, 0.00, 0.00, 1);

-- --------------------------------------------------------

--
-- Table structure for table `group_live_card_opens`
--

CREATE TABLE `group_live_card_opens` (
  `glco_ID` bigint NOT NULL COMMENT 'รหัสประจำตัวการเปิดไพ่ (Primary Key)',
  `groupLive_ID` bigint DEFAULT NULL COMMENT 'รหัสกลุ่มไลฟ์ (Foreign Key จาก group_lives)',
  `glco_count` int DEFAULT NULL COMMENT 'รอบการเล่นที่เปิดไพ่',
  `grId` bigint DEFAULT NULL COMMENT 'รหัสผลแพ้ชนะ (Foreign Key จาก gamerules)',
  `msID` bigint DEFAULT NULL COMMENT 'รหัสเกม (Foreign Key จาก gamemasters)',
  `datetime` datetime DEFAULT NULL COMMENT 'วันเวลาของการเปิดไพ่',
  `created_at` timestamp NULL DEFAULT NULL COMMENT 'วันเวลาที่สร้างข้อมูล',
  `updated_at` timestamp NULL DEFAULT NULL COMMENT 'วันเวลาที่อัพเดทข้อมูลล่าสุด',
  `deleted_at` int DEFAULT NULL COMMENT 'วันเวลาที่ลบข้อมูล (ในรูปแบบ integer)',
  `groupId` varchar(255) COLLATE utf8mb4_general_ci DEFAULT NULL COMMENT 'รหัสกลุ่ม (Foreign Key จาก groups)',
  `glcoDelete` tinyint(1) DEFAULT '0' COMMENT 'สถานะการลบการเปิด (0 = ใช้งาน, 1 = ลบ)',
  `glcoCancel` tinyint(1) DEFAULT '0' COMMENT 'สถานะการยกเลิกการเปิด (0 = ไม่ยกเลิก, 1 = ยกเลิก)',
  `status_id` int DEFAULT '5' COMMENT 'รหัสสถานะ (Foreign Key จาก status)',
  `GL_Total_Quantity` decimal(65,2) DEFAULT '0.00' COMMENT 'จำนวนเงินทั้งหมดที่ลง',
  `GL_Total_Payment` decimal(65,2) DEFAULT '0.00' COMMENT 'ยอดชำระเงินทั้งหมด',
  `GL_Remaining_Balance` decimal(65,2) DEFAULT '0.00' COMMENT 'ยอดเงินคงเหลือ',
  `GL_Confirm_Result` tinyint(1) NOT NULL DEFAULT '0' COMMENT 'สถานะยืนยันผล (0 = ยังไม่ยืนยัน, 1 = ยืนยันแล้ว)',
  `GL_Confirm_User` varchar(255) COLLATE utf8mb4_general_ci DEFAULT NULL COMMENT 'รหัสผู้ใช้ที่ยืนยันผล',
  `GL_Win_Total` int DEFAULT '0' COMMENT 'จำนวนคนที่ชนะทั้งหมด',
  `GL_Loss_Total` int DEFAULT '0' COMMENT 'จำนวนคนที่แพ้ทั้งหมด',
  `GL_Games_Played` int DEFAULT '0' COMMENT 'จำนวนครั้งที่เล่นทั้งหมด',
  `GLCO_STEP` int NOT NULL DEFAULT '1' COMMENT 'ขั้นตอนการเปิดไพ่'
) ENGINE=InnoDB DEFAULT CHARSET=utf8mb4 COLLATE=utf8mb4_general_ci;

--
-- Dumping data for table `group_live_card_opens`
--

INSERT INTO `group_live_card_opens` (`glco_ID`, `groupLive_ID`, `glco_count`, `grId`, `msID`, `datetime`, `created_at`, `updated_at`, `deleted_at`, `groupId`, `glcoDelete`, `glcoCancel`, `status_id`, `GL_Total_Quantity`, `GL_Total_Payment`, `GL_Remaining_Balance`, `GL_Confirm_Result`, `GL_Confirm_User`, `GL_Win_Total`, `GL_Loss_Total`, `GL_Games_Played`, `GLCO_STEP`) VALUES
(1, 1, 1, 8, 3, NULL, NULL, NULL, NULL, 'C53837ad1431a7991b302143d58e9a01c', 0, 0, 8, 0.00, 0.00, 0.00, 1, 'bmU-85368699', 0, 0, 0, 5),
(2, 1, 2, NULL, 3, NULL, NULL, NULL, NULL, 'C53837ad1431a7991b302143d58e9a01c', 0, 1, 6, 0.00, 0.00, 0.00, 0, NULL, 0, 0, 0, 5),
(3, 1, 3, NULL, 3, NULL, NULL, NULL, NULL, 'C53837ad1431a7991b302143d58e9a01c', 0, 1, 6, 0.00, 0.00, 0.00, 0, NULL, 0, 0, 0, 5),
(4, 1, 4, NULL, 3, NULL, NULL, NULL, NULL, 'C53837ad1431a7991b302143d58e9a01c', 0, 1, 6, 0.00, 0.00, 0.00, 0, NULL, 0, 0, 0, 5),
(5, 1, 5, NULL, 3, NULL, NULL, NULL, NULL, 'C53837ad1431a7991b302143d58e9a01c', 0, 1, 6, 0.00, 0.00, 0.00, 0, NULL, 0, 0, 0, 5),
(6, 1, 6, NULL, 3, NULL, NULL, NULL, NULL, 'C53837ad1431a7991b302143d58e9a01c', 0, 1, 6, 0.00, 0.00, 0.00, 0, NULL, 0, 0, 0, 5),
(7, 1, 7, NULL, 3, NULL, NULL, NULL, NULL, 'C53837ad1431a7991b302143d58e9a01c', 0, 1, 6, 0.00, 0.00, 0.00, 0, NULL, 0, 0, 0, 5),
(8, 1, 8, NULL, 3, NULL, NULL, NULL, NULL, 'C53837ad1431a7991b302143d58e9a01c', 0, 1, 6, 0.00, 0.00, 0.00, 0, NULL, 0, 0, 0, 5),
(9, 1, 9, NULL, 3, NULL, NULL, NULL, NULL, 'C53837ad1431a7991b302143d58e9a01c', 0, 1, 6, 0.00, 0.00, 0.00, 0, NULL, 0, 0, 0, 5),
(10, 1, 10, NULL, 3, NULL, NULL, NULL, NULL, 'C53837ad1431a7991b302143d58e9a01c', 0, 1, 6, 0.00, 0.00, 0.00, 0, NULL, 0, 0, 0, 5),
(11, 1, 11, NULL, 3, NULL, NULL, NULL, NULL, 'C53837ad1431a7991b302143d58e9a01c', 0, 1, 6, 0.00, 0.00, 0.00, 0, NULL, 0, 0, 0, 5),
(12, 1, 12, NULL, 3, NULL, NULL, NULL, NULL, 'C53837ad1431a7991b302143d58e9a01c', 0, 1, 6, 0.00, 0.00, 0.00, 0, NULL, 0, 0, 0, 5),
(13, 1, 13, NULL, 3, NULL, NULL, NULL, NULL, 'C53837ad1431a7991b302143d58e9a01c', 0, 1, 6, 0.00, 0.00, 0.00, 0, NULL, 0, 0, 0, 5),
(14, 1, 14, NULL, 3, NULL, NULL, NULL, NULL, 'C53837ad1431a7991b302143d58e9a01c', 0, 1, 6, 0.00, 0.00, 0.00, 0, NULL, 0, 0, 0, 5),
(15, 1, 15, NULL, 3, NULL, NULL, NULL, NULL, 'C53837ad1431a7991b302143d58e9a01c', 0, 1, 6, 0.00, 0.00, 0.00, 0, NULL, 0, 0, 0, 5),
(16, 1, 16, NULL, 3, NULL, NULL, NULL, NULL, 'C53837ad1431a7991b302143d58e9a01c', 0, 1, 6, 0.00, 0.00, 0.00, 0, NULL, 0, 0, 0, 5),
(17, 1, 17, NULL, 3, NULL, NULL, NULL, NULL, 'C53837ad1431a7991b302143d58e9a01c', 0, 1, 6, 0.00, 0.00, 0.00, 0, NULL, 0, 0, 0, 5),
(18, 1, 18, NULL, 3, NULL, NULL, NULL, NULL, 'C53837ad1431a7991b302143d58e9a01c', 0, 1, 6, 0.00, 0.00, 0.00, 0, NULL, 0, 0, 0, 5),
(19, 1, 19, NULL, 3, NULL, NULL, NULL, NULL, 'C53837ad1431a7991b302143d58e9a01c', 0, 1, 6, 0.00, 0.00, 0.00, 0, NULL, 0, 0, 0, 5),
(20, 1, 20, NULL, 3, NULL, NULL, NULL, NULL, 'C53837ad1431a7991b302143d58e9a01c', 0, 1, 6, 0.00, 0.00, 0.00, 0, NULL, 0, 0, 0, 5),
(21, 1, 21, NULL, 3, NULL, NULL, NULL, NULL, 'C53837ad1431a7991b302143d58e9a01c', 0, 1, 6, 0.00, 0.00, 0.00, 0, NULL, 0, 0, 0, 5),
(22, 1, 22, NULL, 3, NULL, NULL, NULL, NULL, 'C53837ad1431a7991b302143d58e9a01c', 0, 1, 6, 0.00, 0.00, 0.00, 0, NULL, 0, 0, 0, 5),
(23, 1, 23, NULL, 3, NULL, NULL, NULL, NULL, 'C53837ad1431a7991b302143d58e9a01c', 0, 1, 6, 0.00, 0.00, 0.00, 0, NULL, 0, 0, 0, 5),
(24, 1, 24, NULL, 3, NULL, NULL, NULL, NULL, 'C53837ad1431a7991b302143d58e9a01c', 0, 1, 6, 0.00, 0.00, 0.00, 0, NULL, 0, 0, 0, 5),
(25, 1, 25, NULL, 3, NULL, NULL, NULL, NULL, 'C53837ad1431a7991b302143d58e9a01c', 0, 1, 6, 0.00, 0.00, 0.00, 0, NULL, 0, 0, 0, 5),
(26, 1, 26, NULL, 3, NULL, NULL, NULL, NULL, 'C53837ad1431a7991b302143d58e9a01c', 0, 1, 6, 0.00, 0.00, 0.00, 0, NULL, 0, 0, 0, 5),
(27, 1, 27, NULL, 3, NULL, NULL, NULL, NULL, 'C53837ad1431a7991b302143d58e9a01c', 0, 1, 6, 0.00, 0.00, 0.00, 0, NULL, 0, 0, 0, 5),
(28, 1, 28, NULL, 3, NULL, NULL, NULL, NULL, 'C53837ad1431a7991b302143d58e9a01c', 0, 1, 6, 0.00, 0.00, 0.00, 0, NULL, 0, 0, 0, 5),
(29, 1, 29, NULL, 3, NULL, NULL, NULL, NULL, 'C53837ad1431a7991b302143d58e9a01c', 0, 1, 6, 0.00, 0.00, 0.00, 0, NULL, 0, 0, 0, 5),
(30, 1, 30, NULL, 3, NULL, NULL, NULL, NULL, 'C53837ad1431a7991b302143d58e9a01c', 0, 1, 6, 0.00, 0.00, 0.00, 0, NULL, 0, 0, 0, 5),
(31, 1, 31, NULL, 3, NULL, NULL, NULL, NULL, 'C53837ad1431a7991b302143d58e9a01c', 0, 1, 6, 0.00, 0.00, 0.00, 0, NULL, 0, 0, 0, 5),
(32, 1, 32, NULL, 3, NULL, NULL, NULL, NULL, 'C53837ad1431a7991b302143d58e9a01c', 0, 1, 6, 0.00, 0.00, 0.00, 0, NULL, 0, 0, 0, 5),
(33, 1, 33, NULL, 3, NULL, NULL, NULL, NULL, 'C53837ad1431a7991b302143d58e9a01c', 0, 1, 6, 0.00, 0.00, 0.00, 0, NULL, 0, 0, 0, 5),
(34, 1, 34, NULL, 3, NULL, NULL, NULL, NULL, 'C53837ad1431a7991b302143d58e9a01c', 0, 1, 6, 0.00, 0.00, 0.00, 0, NULL, 0, 0, 0, 5),
(35, 1, 35, NULL, 3, NULL, NULL, NULL, NULL, 'C53837ad1431a7991b302143d58e9a01c', 0, 1, 6, 0.00, 0.00, 0.00, 0, NULL, 0, 0, 0, 5),
(36, 1, 36, NULL, 3, NULL, NULL, NULL, NULL, 'C53837ad1431a7991b302143d58e9a01c', 0, 1, 6, 0.00, 0.00, 0.00, 0, NULL, 0, 0, 0, 5),
(37, 1, 37, NULL, 3, NULL, NULL, NULL, NULL, 'C53837ad1431a7991b302143d58e9a01c', 0, 1, 6, 0.00, 0.00, 0.00, 0, NULL, 0, 0, 0, 5),
(38, 1, 38, NULL, 3, NULL, NULL, NULL, NULL, 'C53837ad1431a7991b302143d58e9a01c', 0, 1, 6, 0.00, 0.00, 0.00, 0, NULL, 0, 0, 0, 5),
(39, 1, 39, NULL, 3, NULL, NULL, NULL, NULL, 'C53837ad1431a7991b302143d58e9a01c', 0, 1, 6, 0.00, 0.00, 0.00, 0, NULL, 0, 0, 0, 5),
(40, 1, 40, NULL, 3, NULL, NULL, NULL, NULL, 'C53837ad1431a7991b302143d58e9a01c', 0, 1, 6, 0.00, 0.00, 0.00, 0, NULL, 0, 0, 0, 5),
(41, 1, 41, NULL, 3, NULL, NULL, NULL, NULL, 'C53837ad1431a7991b302143d58e9a01c', 0, 1, 6, 0.00, 0.00, 0.00, 0, NULL, 0, 0, 0, 5),
(42, 1, 42, NULL, 3, NULL, NULL, NULL, NULL, 'C53837ad1431a7991b302143d58e9a01c', 0, 1, 6, 0.00, 0.00, 0.00, 0, NULL, 0, 0, 0, 5),
(43, 1, 43, NULL, 3, NULL, NULL, NULL, NULL, 'C53837ad1431a7991b302143d58e9a01c', 0, 1, 6, 0.00, 0.00, 0.00, 0, NULL, 0, 0, 0, 5),
(44, 1, 44, NULL, 3, NULL, NULL, NULL, NULL, 'C53837ad1431a7991b302143d58e9a01c', 0, 1, 6, 0.00, 0.00, 0.00, 0, NULL, 0, 0, 0, 5),
(45, 1, 45, NULL, 3, NULL, NULL, NULL, NULL, 'C53837ad1431a7991b302143d58e9a01c', 0, 1, 6, 0.00, 0.00, 0.00, 0, NULL, 0, 0, 0, 5),
(46, 1, 46, NULL, 3, NULL, NULL, NULL, NULL, 'C53837ad1431a7991b302143d58e9a01c', 0, 1, 6, 0.00, 0.00, 0.00, 0, NULL, 0, 0, 0, 5),
(47, 1, 47, NULL, 3, NULL, NULL, NULL, NULL, 'C53837ad1431a7991b302143d58e9a01c', 0, 1, 6, 0.00, 0.00, 0.00, 0, NULL, 0, 0, 0, 5),
(48, 1, 48, NULL, 3, NULL, NULL, NULL, NULL, 'C53837ad1431a7991b302143d58e9a01c', 0, 1, 6, 0.00, 0.00, 0.00, 0, NULL, 0, 0, 0, 5),
(49, 1, 49, NULL, 3, NULL, NULL, NULL, NULL, 'C53837ad1431a7991b302143d58e9a01c', 0, 1, 6, 0.00, 0.00, 0.00, 0, NULL, 0, 0, 0, 5),
(50, 1, 50, NULL, 3, NULL, NULL, NULL, NULL, 'C53837ad1431a7991b302143d58e9a01c', 0, 1, 6, 0.00, 0.00, 0.00, 0, NULL, 0, 0, 0, 5),
(51, 1, 51, NULL, 3, NULL, NULL, NULL, NULL, 'C53837ad1431a7991b302143d58e9a01c', 0, 1, 6, 0.00, 0.00, 0.00, 0, NULL, 0, 0, 0, 5),
(52, 1, 52, NULL, 3, NULL, NULL, NULL, NULL, 'C53837ad1431a7991b302143d58e9a01c', 0, 1, 6, 0.00, 0.00, 0.00, 0, NULL, 0, 0, 0, 5),
(53, 1, 53, NULL, 3, NULL, NULL, NULL, NULL, 'C53837ad1431a7991b302143d58e9a01c', 0, 1, 6, 0.00, 0.00, 0.00, 0, NULL, 0, 0, 0, 5),
(54, 1, 54, NULL, 3, NULL, NULL, NULL, NULL, 'C53837ad1431a7991b302143d58e9a01c', 0, 1, 6, 0.00, 0.00, 0.00, 0, NULL, 0, 0, 0, 5),
(55, 1, 55, NULL, 3, NULL, NULL, NULL, NULL, 'C53837ad1431a7991b302143d58e9a01c', 0, 1, 6, 0.00, 0.00, 0.00, 0, NULL, 0, 0, 0, 5),
(56, 1, 56, NULL, 3, NULL, NULL, NULL, NULL, 'C53837ad1431a7991b302143d58e9a01c', 0, 1, 6, 0.00, 0.00, 0.00, 0, NULL, 0, 0, 0, 5),
(57, 1, 57, NULL, 3, NULL, NULL, NULL, NULL, 'C53837ad1431a7991b302143d58e9a01c', 0, 1, 6, 0.00, 0.00, 0.00, 0, NULL, 0, 0, 0, 5),
(58, 1, 58, NULL, 3, NULL, NULL, NULL, NULL, 'C53837ad1431a7991b302143d58e9a01c', 0, 1, 6, 0.00, 0.00, 0.00, 0, NULL, 0, 0, 0, 5),
(59, 1, 59, NULL, 3, NULL, NULL, NULL, NULL, 'C53837ad1431a7991b302143d58e9a01c', 0, 1, 6, 0.00, 0.00, 0.00, 0, NULL, 0, 0, 0, 5),
(60, 1, 60, NULL, 3, NULL, NULL, NULL, NULL, 'C53837ad1431a7991b302143d58e9a01c', 0, 1, 6, 0.00, 0.00, 0.00, 0, NULL, 0, 0, 0, 5),
(61, 1, 61, NULL, 3, NULL, NULL, NULL, NULL, 'C53837ad1431a7991b302143d58e9a01c', 0, 1, 6, 0.00, 0.00, 0.00, 0, NULL, 0, 0, 0, 5),
(62, 1, 62, NULL, 3, NULL, NULL, NULL, NULL, 'C53837ad1431a7991b302143d58e9a01c', 0, 1, 6, 0.00, 0.00, 0.00, 0, NULL, 0, 0, 0, 5),
(63, 1, 63, NULL, 3, NULL, NULL, NULL, NULL, 'C53837ad1431a7991b302143d58e9a01c', 0, 1, 6, 0.00, 0.00, 0.00, 0, NULL, 0, 0, 0, 5),
(64, 1, 64, NULL, 3, NULL, NULL, NULL, NULL, 'C53837ad1431a7991b302143d58e9a01c', 0, 1, 6, 0.00, 0.00, 0.00, 0, NULL, 0, 0, 0, 5),
(65, 1, 65, NULL, 3, NULL, NULL, NULL, NULL, 'C53837ad1431a7991b302143d58e9a01c', 0, 1, 6, 0.00, 0.00, 0.00, 0, NULL, 0, 0, 0, 5),
(66, 1, 66, NULL, 3, NULL, NULL, NULL, NULL, 'C53837ad1431a7991b302143d58e9a01c', 0, 1, 6, 0.00, 0.00, 0.00, 0, NULL, 0, 0, 0, 5),
(67, 1, 67, NULL, 3, NULL, NULL, NULL, NULL, 'C53837ad1431a7991b302143d58e9a01c', 0, 1, 6, 0.00, 0.00, 0.00, 0, NULL, 0, 0, 0, 5),
(68, 1, 68, NULL, 3, NULL, NULL, NULL, NULL, 'C53837ad1431a7991b302143d58e9a01c', 0, 1, 6, 0.00, 0.00, 0.00, 0, NULL, 0, 0, 0, 5),
(69, 1, 69, NULL, 3, NULL, NULL, NULL, NULL, 'C53837ad1431a7991b302143d58e9a01c', 0, 1, 6, 0.00, 0.00, 0.00, 0, NULL, 0, 0, 0, 5),
(70, 1, 70, NULL, 3, NULL, NULL, NULL, NULL, 'C53837ad1431a7991b302143d58e9a01c', 0, 1, 6, 0.00, 0.00, 0.00, 0, NULL, 0, 0, 0, 5),
(71, 1, 71, NULL, 3, NULL, NULL, NULL, NULL, 'C53837ad1431a7991b302143d58e9a01c', 0, 1, 6, 0.00, 0.00, 0.00, 0, NULL, 0, 0, 0, 5),
(72, 1, 72, NULL, 3, NULL, NULL, NULL, NULL, 'C53837ad1431a7991b302143d58e9a01c', 0, 1, 6, 0.00, 0.00, 0.00, 0, NULL, 0, 0, 0, 5),
(73, 1, 73, NULL, 3, NULL, NULL, NULL, NULL, 'C53837ad1431a7991b302143d58e9a01c', 0, 1, 6, 0.00, 0.00, 0.00, 0, NULL, 0, 0, 0, 5),
(74, 1, 74, NULL, 3, NULL, NULL, NULL, NULL, 'C53837ad1431a7991b302143d58e9a01c', 0, 1, 6, 0.00, 0.00, 0.00, 0, NULL, 0, 0, 0, 5),
(75, 1, 75, NULL, 3, NULL, NULL, NULL, NULL, 'C53837ad1431a7991b302143d58e9a01c', 0, 1, 6, 0.00, 0.00, 0.00, 0, NULL, 0, 0, 0, 5),
(76, 1, 76, NULL, 3, NULL, NULL, NULL, NULL, 'C53837ad1431a7991b302143d58e9a01c', 0, 1, 6, 0.00, 0.00, 0.00, 0, NULL, 0, 0, 0, 5),
(77, 1, 77, NULL, 3, NULL, NULL, NULL, NULL, 'C53837ad1431a7991b302143d58e9a01c', 0, 1, 6, 0.00, 0.00, 0.00, 0, NULL, 0, 0, 0, 5),
(78, 1, 78, NULL, 3, NULL, NULL, NULL, NULL, 'C53837ad1431a7991b302143d58e9a01c', 0, 1, 6, 0.00, 0.00, 0.00, 0, NULL, 0, 0, 0, 5),
(79, 1, 79, NULL, 3, NULL, NULL, NULL, NULL, 'C53837ad1431a7991b302143d58e9a01c', 0, 1, 6, 0.00, 0.00, 0.00, 0, NULL, 0, 0, 0, 5),
(80, 1, 80, NULL, 3, NULL, NULL, NULL, NULL, 'C53837ad1431a7991b302143d58e9a01c', 0, 1, 6, 0.00, 0.00, 0.00, 0, NULL, 0, 0, 0, 5),
(81, 1, 81, NULL, 3, NULL, NULL, NULL, NULL, 'C53837ad1431a7991b302143d58e9a01c', 0, 1, 6, 0.00, 0.00, 0.00, 0, NULL, 0, 0, 0, 5),
(82, 1, 82, NULL, 3, NULL, NULL, NULL, NULL, 'C53837ad1431a7991b302143d58e9a01c', 0, 1, 6, 0.00, 0.00, 0.00, 0, NULL, 0, 0, 0, 5),
(83, 1, 83, NULL, 3, NULL, NULL, NULL, NULL, 'C53837ad1431a7991b302143d58e9a01c', 0, 1, 6, 0.00, 0.00, 0.00, 0, NULL, 0, 0, 0, 5),
(84, 1, 84, NULL, 3, NULL, NULL, NULL, NULL, 'C53837ad1431a7991b302143d58e9a01c', 0, 1, 6, 0.00, 0.00, 0.00, 0, NULL, 0, 0, 0, 5),
(85, 1, 85, NULL, 3, NULL, NULL, NULL, NULL, 'C53837ad1431a7991b302143d58e9a01c', 0, 1, 6, 0.00, 0.00, 0.00, 0, NULL, 0, 0, 0, 5),
(86, 1, 86, NULL, 3, NULL, NULL, NULL, NULL, 'C53837ad1431a7991b302143d58e9a01c', 0, 1, 6, 0.00, 0.00, 0.00, 0, NULL, 0, 0, 0, 5),
(87, 1, 87, NULL, 3, NULL, NULL, NULL, NULL, 'C53837ad1431a7991b302143d58e9a01c', 0, 1, 6, 0.00, 0.00, 0.00, 0, NULL, 0, 0, 0, 5),
(88, 1, 88, NULL, 3, NULL, NULL, NULL, NULL, 'C53837ad1431a7991b302143d58e9a01c', 0, 1, 6, 0.00, 0.00, 0.00, 0, NULL, 0, 0, 0, 5),
(89, 1, 89, NULL, 3, NULL, NULL, NULL, NULL, 'C53837ad1431a7991b302143d58e9a01c', 0, 1, 6, 0.00, 0.00, 0.00, 0, NULL, 0, 0, 0, 5),
(90, 1, 90, NULL, 3, NULL, NULL, NULL, NULL, 'C53837ad1431a7991b302143d58e9a01c', 0, 1, 6, 0.00, 0.00, 0.00, 0, NULL, 0, 0, 0, 5),
(91, 1, 91, NULL, 3, NULL, NULL, NULL, NULL, 'C53837ad1431a7991b302143d58e9a01c', 0, 1, 6, 0.00, 0.00, 0.00, 0, NULL, 0, 0, 0, 5),
(92, 1, 92, NULL, 3, NULL, NULL, NULL, NULL, 'C53837ad1431a7991b302143d58e9a01c', 0, 1, 6, 0.00, 0.00, 0.00, 0, NULL, 0, 0, 0, 5),
(93, 1, 93, NULL, 3, NULL, NULL, NULL, NULL, 'C53837ad1431a7991b302143d58e9a01c', 0, 1, 6, 0.00, 0.00, 0.00, 0, NULL, 0, 0, 0, 5),
(94, 1, 94, NULL, 3, NULL, NULL, NULL, NULL, 'C53837ad1431a7991b302143d58e9a01c', 0, 1, 6, 0.00, 0.00, 0.00, 0, NULL, 0, 0, 0, 5),
(95, 1, 95, NULL, 3, NULL, NULL, NULL, NULL, 'C53837ad1431a7991b302143d58e9a01c', 0, 1, 6, 0.00, 0.00, 0.00, 0, NULL, 0, 0, 0, 5),
(96, 1, 96, NULL, 3, NULL, NULL, NULL, NULL, 'C53837ad1431a7991b302143d58e9a01c', 0, 1, 6, 0.00, 0.00, 0.00, 0, NULL, 0, 0, 0, 5),
(97, 1, 97, NULL, 3, NULL, NULL, NULL, NULL, 'C53837ad1431a7991b302143d58e9a01c', 0, 1, 6, 0.00, 0.00, 0.00, 0, NULL, 0, 0, 0, 5),
(98, 1, 98, NULL, 3, NULL, NULL, NULL, NULL, 'C53837ad1431a7991b302143d58e9a01c', 0, 1, 6, 0.00, 0.00, 0.00, 0, NULL, 0, 0, 0, 5),
(99, 1, 99, NULL, 3, NULL, NULL, NULL, NULL, 'C53837ad1431a7991b302143d58e9a01c', 0, 1, 6, 0.00, 0.00, 0.00, 0, NULL, 0, 0, 0, 5),
(100, 1, 100, NULL, 3, NULL, NULL, NULL, NULL, 'C53837ad1431a7991b302143d58e9a01c', 0, 1, 6, 0.00, 0.00, 0.00, 0, NULL, 0, 0, 0, 5),
(101, 1, 101, NULL, 3, NULL, NULL, NULL, NULL, 'C53837ad1431a7991b302143d58e9a01c', 0, 1, 6, 0.00, 0.00, 0.00, 0, NULL, 0, 0, 0, 5),
(102, 1, 102, NULL, 3, NULL, NULL, NULL, NULL, 'C53837ad1431a7991b302143d58e9a01c', 0, 1, 6, 0.00, 0.00, 0.00, 0, NULL, 0, 0, 0, 5),
(103, 1, 103, NULL, 3, NULL, NULL, NULL, NULL, 'C53837ad1431a7991b302143d58e9a01c', 0, 1, 6, 0.00, 0.00, 0.00, 0, NULL, 0, 0, 0, 5),
(104, 1, 104, NULL, 3, NULL, NULL, NULL, NULL, 'C53837ad1431a7991b302143d58e9a01c', 0, 1, 6, 0.00, 0.00, 0.00, 0, NULL, 0, 0, 0, 5),
(105, 1, 105, NULL, 3, NULL, NULL, NULL, NULL, 'C53837ad1431a7991b302143d58e9a01c', 0, 1, 6, 0.00, 0.00, 0.00, 0, NULL, 0, 0, 0, 5),
(106, 1, 106, NULL, 3, NULL, NULL, NULL, NULL, 'C53837ad1431a7991b302143d58e9a01c', 0, 1, 6, 0.00, 0.00, 0.00, 0, NULL, 0, 0, 0, 5),
(107, 1, 107, NULL, 3, NULL, NULL, NULL, NULL, 'C53837ad1431a7991b302143d58e9a01c', 0, 1, 6, 0.00, 0.00, 0.00, 0, NULL, 0, 0, 0, 5),
(108, 1, 108, NULL, 3, NULL, NULL, NULL, NULL, 'C53837ad1431a7991b302143d58e9a01c', 0, 1, 6, 0.00, 0.00, 0.00, 0, NULL, 0, 0, 0, 5),
(109, 1, 109, NULL, 3, NULL, NULL, NULL, NULL, 'C53837ad1431a7991b302143d58e9a01c', 0, 1, 6, 0.00, 0.00, 0.00, 0, NULL, 0, 0, 0, 5),
(110, 1, 110, NULL, 3, NULL, NULL, NULL, NULL, 'C53837ad1431a7991b302143d58e9a01c', 0, 1, 6, 0.00, 0.00, 0.00, 0, NULL, 0, 0, 0, 5),
(111, 1, 111, NULL, 3, NULL, NULL, NULL, NULL, 'C53837ad1431a7991b302143d58e9a01c', 0, 1, 6, 0.00, 0.00, 0.00, 0, NULL, 0, 0, 0, 5),
(112, 1, 112, NULL, 3, NULL, NULL, NULL, NULL, 'C53837ad1431a7991b302143d58e9a01c', 0, 1, 6, 0.00, 0.00, 0.00, 0, NULL, 0, 0, 0, 5),
(113, 1, 113, NULL, 3, NULL, NULL, NULL, NULL, 'C53837ad1431a7991b302143d58e9a01c', 0, 1, 6, 0.00, 0.00, 0.00, 0, NULL, 0, 0, 0, 5),
(114, 1, 114, NULL, 3, NULL, NULL, NULL, NULL, 'C53837ad1431a7991b302143d58e9a01c', 0, 1, 6, 0.00, 0.00, 0.00, 0, NULL, 0, 0, 0, 5),
(115, 1, 115, NULL, 3, NULL, NULL, NULL, NULL, 'C53837ad1431a7991b302143d58e9a01c', 0, 1, 6, 0.00, 0.00, 0.00, 0, NULL, 0, 0, 0, 5),
(116, 1, 116, NULL, 3, NULL, NULL, NULL, NULL, 'C53837ad1431a7991b302143d58e9a01c', 0, 1, 6, 0.00, 0.00, 0.00, 0, NULL, 0, 0, 0, 5),
(117, 1, 117, NULL, 3, NULL, NULL, NULL, NULL, 'C53837ad1431a7991b302143d58e9a01c', 0, 1, 6, 0.00, 0.00, 0.00, 0, NULL, 0, 0, 0, 5),
(118, 1, 118, NULL, 3, NULL, NULL, NULL, NULL, 'C53837ad1431a7991b302143d58e9a01c', 0, 1, 6, 0.00, 0.00, 0.00, 0, NULL, 0, 0, 0, 5),
(119, 1, 119, NULL, 3, NULL, NULL, NULL, NULL, 'C53837ad1431a7991b302143d58e9a01c', 0, 1, 6, 0.00, 0.00, 0.00, 0, NULL, 0, 0, 0, 5),
(120, 1, 120, NULL, 3, NULL, NULL, NULL, NULL, 'C53837ad1431a7991b302143d58e9a01c', 0, 1, 6, 0.00, 0.00, 0.00, 0, NULL, 0, 0, 0, 5),
(121, 1, 121, NULL, 3, NULL, NULL, NULL, NULL, 'C53837ad1431a7991b302143d58e9a01c', 0, 1, 6, 0.00, 0.00, 0.00, 0, NULL, 0, 0, 0, 5),
(122, 1, 122, NULL, 3, NULL, NULL, NULL, NULL, 'C53837ad1431a7991b302143d58e9a01c', 0, 1, 6, 0.00, 0.00, 0.00, 0, NULL, 0, 0, 0, 5),
(123, 1, 123, NULL, 3, NULL, NULL, NULL, NULL, 'C53837ad1431a7991b302143d58e9a01c', 0, 1, 6, 0.00, 0.00, 0.00, 0, NULL, 0, 0, 0, 5),
(124, 1, 124, NULL, 3, NULL, NULL, NULL, NULL, 'C53837ad1431a7991b302143d58e9a01c', 0, 1, 6, 0.00, 0.00, 0.00, 0, NULL, 0, 0, 0, 5),
(125, 1, 125, NULL, 3, NULL, NULL, NULL, NULL, 'C53837ad1431a7991b302143d58e9a01c', 0, 1, 6, 0.00, 0.00, 0.00, 0, NULL, 0, 0, 0, 5),
(126, 1, 126, NULL, 3, NULL, NULL, NULL, NULL, 'C53837ad1431a7991b302143d58e9a01c', 0, 1, 6, 0.00, 0.00, 0.00, 0, NULL, 0, 0, 0, 5),
(127, 1, 127, NULL, 3, NULL, NULL, NULL, NULL, 'C53837ad1431a7991b302143d58e9a01c', 0, 1, 6, 0.00, 0.00, 0.00, 0, NULL, 0, 0, 0, 5),
(128, 1, 128, NULL, 3, NULL, NULL, NULL, NULL, 'C53837ad1431a7991b302143d58e9a01c', 0, 1, 6, 0.00, 0.00, 0.00, 0, NULL, 0, 0, 0, 5),
(129, 1, 129, NULL, 3, NULL, NULL, NULL, NULL, 'C53837ad1431a7991b302143d58e9a01c', 0, 1, 6, 0.00, 0.00, 0.00, 0, NULL, 0, 0, 0, 5),
(130, 1, 130, NULL, 3, NULL, NULL, NULL, NULL, 'C53837ad1431a7991b302143d58e9a01c', 0, 1, 6, 0.00, 0.00, 0.00, 0, NULL, 0, 0, 0, 5),
(131, 1, 131, NULL, 3, NULL, NULL, NULL, NULL, 'C53837ad1431a7991b302143d58e9a01c', 0, 1, 6, 0.00, 0.00, 0.00, 0, NULL, 0, 0, 0, 5),
(132, 1, 132, NULL, 3, NULL, NULL, NULL, NULL, 'C53837ad1431a7991b302143d58e9a01c', 0, 1, 6, 0.00, 0.00, 0.00, 0, NULL, 0, 0, 0, 5),
(133, 1, 133, NULL, 3, NULL, NULL, NULL, NULL, 'C53837ad1431a7991b302143d58e9a01c', 0, 1, 6, 0.00, 0.00, 0.00, 0, NULL, 0, 0, 0, 5),
(134, 1, 134, NULL, 3, NULL, NULL, NULL, NULL, 'C53837ad1431a7991b302143d58e9a01c', 0, 1, 6, 0.00, 0.00, 0.00, 0, NULL, 0, 0, 0, 5),
(135, 1, 135, NULL, 3, NULL, NULL, NULL, NULL, 'C53837ad1431a7991b302143d58e9a01c', 0, 1, 6, 0.00, 0.00, 0.00, 0, NULL, 0, 0, 0, 5),
(136, 1, 136, NULL, 3, NULL, NULL, NULL, NULL, 'C53837ad1431a7991b302143d58e9a01c', 0, 1, 6, 0.00, 0.00, 0.00, 0, NULL, 0, 0, 0, 5),
(137, 1, 137, NULL, 3, NULL, NULL, NULL, NULL, 'C53837ad1431a7991b302143d58e9a01c', 0, 1, 6, 0.00, 0.00, 0.00, 0, NULL, 0, 0, 0, 5),
(138, 1, 138, NULL, 3, NULL, NULL, NULL, NULL, 'C53837ad1431a7991b302143d58e9a01c', 0, 1, 6, 0.00, 0.00, 0.00, 0, NULL, 0, 0, 0, 5),
(139, 1, 139, NULL, 3, NULL, NULL, NULL, NULL, 'C53837ad1431a7991b302143d58e9a01c', 0, 1, 6, 0.00, 0.00, 0.00, 0, NULL, 0, 0, 0, 5),
(140, 1, 140, NULL, 3, NULL, NULL, NULL, NULL, 'C53837ad1431a7991b302143d58e9a01c', 0, 1, 6, 0.00, 0.00, 0.00, 0, NULL, 0, 0, 0, 5),
(141, 1, 141, NULL, 3, NULL, NULL, NULL, NULL, 'C53837ad1431a7991b302143d58e9a01c', 0, 1, 6, 0.00, 0.00, 0.00, 0, NULL, 0, 0, 0, 5),
(142, 1, 142, NULL, 3, NULL, NULL, NULL, NULL, 'C53837ad1431a7991b302143d58e9a01c', 0, 1, 6, 0.00, 0.00, 0.00, 0, NULL, 0, 0, 0, 5),
(143, 1, 143, NULL, 3, NULL, NULL, NULL, NULL, 'C53837ad1431a7991b302143d58e9a01c', 0, 1, 6, 0.00, 0.00, 0.00, 0, NULL, 0, 0, 0, 5),
(144, 1, 144, NULL, 3, NULL, NULL, NULL, NULL, 'C53837ad1431a7991b302143d58e9a01c', 0, 1, 6, 0.00, 0.00, 0.00, 0, NULL, 0, 0, 0, 5),
(145, 1, 145, NULL, 3, NULL, NULL, NULL, NULL, 'C53837ad1431a7991b302143d58e9a01c', 0, 1, 6, 0.00, 0.00, 0.00, 0, NULL, 0, 0, 0, 5),
(146, 1, 146, NULL, 3, NULL, NULL, NULL, NULL, 'C53837ad1431a7991b302143d58e9a01c', 0, 1, 6, 0.00, 0.00, 0.00, 0, NULL, 0, 0, 0, 5),
(147, 1, 147, NULL, 3, NULL, NULL, NULL, NULL, 'C53837ad1431a7991b302143d58e9a01c', 0, 1, 6, 0.00, 0.00, 0.00, 0, NULL, 0, 0, 0, 5),
(148, 1, 148, NULL, 3, NULL, NULL, NULL, NULL, 'C53837ad1431a7991b302143d58e9a01c', 0, 1, 6, 0.00, 0.00, 0.00, 0, NULL, 0, 0, 0, 5),
(149, 1, 149, NULL, 3, NULL, NULL, NULL, NULL, 'C53837ad1431a7991b302143d58e9a01c', 0, 1, 6, 0.00, 0.00, 0.00, 0, NULL, 0, 0, 0, 5),
(150, 1, 150, NULL, 3, NULL, NULL, NULL, NULL, 'C53837ad1431a7991b302143d58e9a01c', 0, 1, 6, 0.00, 0.00, 0.00, 0, NULL, 0, 0, 0, 5),
(151, 1, 151, NULL, 3, NULL, NULL, NULL, NULL, 'C53837ad1431a7991b302143d58e9a01c', 0, 1, 6, 0.00, 0.00, 0.00, 0, NULL, 0, 0, 0, 5),
(152, 1, 152, NULL, 3, NULL, NULL, NULL, NULL, 'C53837ad1431a7991b302143d58e9a01c', 0, 1, 6, 0.00, 0.00, 0.00, 0, NULL, 0, 0, 0, 5),
(153, 1, 153, NULL, 3, NULL, NULL, NULL, NULL, 'C53837ad1431a7991b302143d58e9a01c', 0, 1, 6, 0.00, 0.00, 0.00, 0, NULL, 0, 0, 0, 5),
(154, 1, 154, NULL, 3, NULL, NULL, NULL, NULL, 'C53837ad1431a7991b302143d58e9a01c', 0, 1, 6, 0.00, 0.00, 0.00, 0, NULL, 0, 0, 0, 5),
(155, 1, 155, NULL, 3, NULL, NULL, NULL, NULL, 'C53837ad1431a7991b302143d58e9a01c', 0, 1, 6, 0.00, 0.00, 0.00, 0, NULL, 0, 0, 0, 5),
(156, 1, 156, NULL, 3, NULL, NULL, NULL, NULL, 'C53837ad1431a7991b302143d58e9a01c', 0, 1, 6, 0.00, 0.00, 0.00, 0, NULL, 0, 0, 0, 5),
(157, 1, 157, NULL, 3, NULL, NULL, NULL, NULL, 'C53837ad1431a7991b302143d58e9a01c', 0, 1, 6, 0.00, 0.00, 0.00, 0, NULL, 0, 0, 0, 5),
(158, 1, 158, NULL, 3, NULL, NULL, NULL, NULL, 'C53837ad1431a7991b302143d58e9a01c', 0, 1, 6, 0.00, 0.00, 0.00, 0, NULL, 0, 0, 0, 5),
(159, 1, 159, NULL, 3, NULL, NULL, NULL, NULL, 'C53837ad1431a7991b302143d58e9a01c', 0, 1, 6, 0.00, 0.00, 0.00, 0, NULL, 0, 0, 0, 5),
(160, 1, 160, NULL, 3, NULL, NULL, NULL, NULL, 'C53837ad1431a7991b302143d58e9a01c', 0, 1, 6, 0.00, 0.00, 0.00, 0, NULL, 0, 0, 0, 5),
(161, 1, 161, NULL, 3, NULL, NULL, NULL, NULL, 'C53837ad1431a7991b302143d58e9a01c', 0, 1, 6, 0.00, 0.00, 0.00, 0, NULL, 0, 0, 0, 5),
(162, 1, 162, NULL, 3, NULL, NULL, NULL, NULL, 'C53837ad1431a7991b302143d58e9a01c', 0, 1, 6, 0.00, 0.00, 0.00, 0, NULL, 0, 0, 0, 5),
(163, 1, 163, NULL, 3, NULL, NULL, NULL, NULL, 'C53837ad1431a7991b302143d58e9a01c', 0, 1, 6, 0.00, 0.00, 0.00, 0, NULL, 0, 0, 0, 5),
(164, 1, 164, NULL, 3, NULL, NULL, NULL, NULL, 'C53837ad1431a7991b302143d58e9a01c', 0, 1, 6, 0.00, 0.00, 0.00, 0, NULL, 0, 0, 0, 5),
(165, 1, 165, NULL, 3, NULL, NULL, NULL, NULL, 'C53837ad1431a7991b302143d58e9a01c', 0, 1, 6, 0.00, 0.00, 0.00, 0, NULL, 0, 0, 0, 5),
(166, 1, 166, NULL, 3, NULL, NULL, NULL, NULL, 'C53837ad1431a7991b302143d58e9a01c', 0, 1, 6, 0.00, 0.00, 0.00, 0, NULL, 0, 0, 0, 5),
(167, 1, 167, NULL, 3, NULL, NULL, NULL, NULL, 'C53837ad1431a7991b302143d58e9a01c', 0, 1, 6, 0.00, 0.00, 0.00, 0, NULL, 0, 0, 0, 5),
(168, 1, 168, NULL, 3, NULL, NULL, NULL, NULL, 'C53837ad1431a7991b302143d58e9a01c', 0, 1, 6, 0.00, 0.00, 0.00, 0, NULL, 0, 0, 0, 5),
(169, 1, 169, NULL, 3, NULL, NULL, NULL, NULL, 'C53837ad1431a7991b302143d58e9a01c', 0, 1, 6, 0.00, 0.00, 0.00, 0, NULL, 0, 0, 0, 5),
(170, 1, 170, NULL, 3, NULL, NULL, NULL, NULL, 'C53837ad1431a7991b302143d58e9a01c', 0, 1, 6, 0.00, 0.00, 0.00, 0, NULL, 0, 0, 0, 5),
(171, 1, 171, NULL, 3, NULL, NULL, NULL, NULL, 'C53837ad1431a7991b302143d58e9a01c', 0, 1, 6, 0.00, 0.00, 0.00, 0, NULL, 0, 0, 0, 5),
(172, 1, 172, NULL, 3, NULL, NULL, NULL, NULL, 'C53837ad1431a7991b302143d58e9a01c', 0, 1, 6, 0.00, 0.00, 0.00, 0, NULL, 0, 0, 0, 5),
(173, 1, 173, NULL, 3, NULL, NULL, NULL, NULL, 'C53837ad1431a7991b302143d58e9a01c', 0, 1, 6, 0.00, 0.00, 0.00, 0, NULL, 0, 0, 0, 5),
(174, 1, 174, NULL, 3, NULL, NULL, NULL, NULL, 'C53837ad1431a7991b302143d58e9a01c', 0, 1, 6, 0.00, 0.00, 0.00, 0, NULL, 0, 0, 0, 5),
(175, 1, 175, NULL, 3, NULL, NULL, NULL, NULL, 'C53837ad1431a7991b302143d58e9a01c', 0, 1, 6, 0.00, 0.00, 0.00, 0, NULL, 0, 0, 0, 5),
(176, 1, 176, NULL, 3, NULL, NULL, NULL, NULL, 'C53837ad1431a7991b302143d58e9a01c', 0, 1, 6, 0.00, 0.00, 0.00, 0, NULL, 0, 0, 0, 5),
(177, 1, 177, NULL, 3, NULL, NULL, NULL, NULL, 'C53837ad1431a7991b302143d58e9a01c', 0, 1, 6, 0.00, 0.00, 0.00, 0, NULL, 0, 0, 0, 5),
(178, 1, 178, NULL, 3, NULL, NULL, NULL, NULL, 'C53837ad1431a7991b302143d58e9a01c', 0, 1, 6, 0.00, 0.00, 0.00, 0, NULL, 0, 0, 0, 5),
(179, 1, 179, NULL, 3, NULL, NULL, NULL, NULL, 'C53837ad1431a7991b302143d58e9a01c', 0, 1, 6, 0.00, 0.00, 0.00, 0, NULL, 0, 0, 0, 5),
(180, 1, 180, NULL, 3, NULL, NULL, NULL, NULL, 'C53837ad1431a7991b302143d58e9a01c', 0, 1, 6, 0.00, 0.00, 0.00, 0, NULL, 0, 0, 0, 5),
(181, 1, 181, NULL, 3, NULL, NULL, NULL, NULL, 'C53837ad1431a7991b302143d58e9a01c', 0, 1, 6, 0.00, 0.00, 0.00, 0, NULL, 0, 0, 0, 5),
(182, 1, 182, NULL, 3, NULL, NULL, NULL, NULL, 'C53837ad1431a7991b302143d58e9a01c', 0, 1, 6, 0.00, 0.00, 0.00, 0, NULL, 0, 0, 0, 5),
(183, 1, 183, NULL, 3, NULL, NULL, NULL, NULL, 'C53837ad1431a7991b302143d58e9a01c', 0, 1, 6, 0.00, 0.00, 0.00, 0, NULL, 0, 0, 0, 5),
(184, 1, 184, NULL, 3, NULL, NULL, NULL, NULL, 'C53837ad1431a7991b302143d58e9a01c', 0, 1, 6, 0.00, 0.00, 0.00, 0, NULL, 0, 0, 0, 5),
(185, 1, 185, NULL, 3, NULL, NULL, NULL, NULL, 'C53837ad1431a7991b302143d58e9a01c', 0, 1, 6, 0.00, 0.00, 0.00, 0, NULL, 0, 0, 0, 5),
(186, 1, 186, NULL, 3, NULL, NULL, NULL, NULL, 'C53837ad1431a7991b302143d58e9a01c', 0, 1, 6, 0.00, 0.00, 0.00, 0, NULL, 0, 0, 0, 5),
(187, 1, 187, NULL, 3, NULL, NULL, NULL, NULL, 'C53837ad1431a7991b302143d58e9a01c', 0, 1, 6, 0.00, 0.00, 0.00, 0, NULL, 0, 0, 0, 5),
(188, 1, 188, NULL, 3, NULL, NULL, NULL, NULL, 'C53837ad1431a7991b302143d58e9a01c', 0, 1, 6, 0.00, 0.00, 0.00, 0, NULL, 0, 0, 0, 5),
(189, 1, 189, NULL, 3, NULL, NULL, NULL, NULL, 'C53837ad1431a7991b302143d58e9a01c', 0, 1, 6, 0.00, 0.00, 0.00, 0, NULL, 0, 0, 0, 5),
(190, 1, 190, NULL, 3, NULL, NULL, NULL, NULL, 'C53837ad1431a7991b302143d58e9a01c', 0, 1, 6, 0.00, 0.00, 0.00, 0, NULL, 0, 0, 0, 5),
(191, 1, 191, NULL, 3, NULL, NULL, NULL, NULL, 'C53837ad1431a7991b302143d58e9a01c', 0, 1, 6, 0.00, 0.00, 0.00, 0, NULL, 0, 0, 0, 5),
(192, 1, 192, NULL, 3, NULL, NULL, NULL, NULL, 'C53837ad1431a7991b302143d58e9a01c', 0, 1, 6, 0.00, 0.00, 0.00, 0, NULL, 0, 0, 0, 5),
(193, 1, 193, NULL, 3, NULL, NULL, NULL, NULL, 'C53837ad1431a7991b302143d58e9a01c', 0, 1, 6, 0.00, 0.00, 0.00, 0, NULL, 0, 0, 0, 5),
(194, 1, 194, NULL, 3, NULL, NULL, NULL, NULL, 'C53837ad1431a7991b302143d58e9a01c', 0, 1, 6, 0.00, 0.00, 0.00, 0, NULL, 0, 0, 0, 5),
(195, 1, 195, NULL, 3, NULL, NULL, NULL, NULL, 'C53837ad1431a7991b302143d58e9a01c', 0, 1, 6, 0.00, 0.00, 0.00, 0, NULL, 0, 0, 0, 5),
(196, 1, 196, NULL, 3, NULL, NULL, NULL, NULL, 'C53837ad1431a7991b302143d58e9a01c', 0, 1, 6, 0.00, 0.00, 0.00, 0, NULL, 0, 0, 0, 5),
(197, 1, 197, NULL, 3, NULL, NULL, NULL, NULL, 'C53837ad1431a7991b302143d58e9a01c', 0, 1, 6, 0.00, 0.00, 0.00, 0, NULL, 0, 0, 0, 5),
(198, 1, 198, NULL, 3, NULL, NULL, NULL, NULL, 'C53837ad1431a7991b302143d58e9a01c', 0, 1, 6, 0.00, 0.00, 0.00, 0, NULL, 0, 0, 0, 5),
(199, 1, 199, NULL, 3, NULL, NULL, NULL, NULL, 'C53837ad1431a7991b302143d58e9a01c', 0, 1, 6, 0.00, 0.00, 0.00, 0, NULL, 0, 0, 0, 5),
(200, 1, 200, NULL, 3, NULL, NULL, NULL, NULL, 'C53837ad1431a7991b302143d58e9a01c', 0, 1, 6, 0.00, 0.00, 0.00, 0, NULL, 0, 0, 0, 5),
(201, 2, 1, 9, 3, NULL, NULL, NULL, NULL, 'C53837ad1431a7991b302143d58e9a01c', 0, 0, 8, 0.00, 0.00, 0.00, 1, 'bmU-85368699', 0, 0, 0, 5),
(202, 2, 2, 9, 3, NULL, NULL, NULL, NULL, 'C53837ad1431a7991b302143d58e9a01c', 0, 0, 8, 0.00, 0.00, 0.00, 1, 'bmU-85368699', 0, 0, 0, 5),
(203, 2, 3, NULL, 3, NULL, NULL, NULL, NULL, 'C53837ad1431a7991b302143d58e9a01c', 0, 1, 6, 0.00, 0.00, 0.00, 0, NULL, 0, 0, 0, 5),
(204, 2, 4, NULL, 3, NULL, NULL, NULL, NULL, 'C53837ad1431a7991b302143d58e9a01c', 0, 1, 6, 0.00, 0.00, 0.00, 0, NULL, 0, 0, 0, 5),
(205, 2, 5, NULL, 3, NULL, NULL, NULL, NULL, 'C53837ad1431a7991b302143d58e9a01c', 0, 1, 6, 0.00, 0.00, 0.00, 0, NULL, 0, 0, 0, 5),
(206, 2, 6, NULL, 3, NULL, NULL, NULL, NULL, 'C53837ad1431a7991b302143d58e9a01c', 0, 1, 6, 0.00, 0.00, 0.00, 0, NULL, 0, 0, 0, 5),
(207, 2, 7, NULL, 3, NULL, NULL, NULL, NULL, 'C53837ad1431a7991b302143d58e9a01c', 0, 1, 6, 0.00, 0.00, 0.00, 0, NULL, 0, 0, 0, 5),
(208, 2, 8, NULL, 3, NULL, NULL, NULL, NULL, 'C53837ad1431a7991b302143d58e9a01c', 0, 1, 6, 0.00, 0.00, 0.00, 0, NULL, 0, 0, 0, 5),
(209, 2, 9, NULL, 3, NULL, NULL, NULL, NULL, 'C53837ad1431a7991b302143d58e9a01c', 0, 1, 6, 0.00, 0.00, 0.00, 0, NULL, 0, 0, 0, 5),
(210, 2, 10, NULL, 3, NULL, NULL, NULL, NULL, 'C53837ad1431a7991b302143d58e9a01c', 0, 1, 6, 0.00, 0.00, 0.00, 0, NULL, 0, 0, 0, 5),
(211, 2, 11, NULL, 3, NULL, NULL, NULL, NULL, 'C53837ad1431a7991b302143d58e9a01c', 0, 1, 6, 0.00, 0.00, 0.00, 0, NULL, 0, 0, 0, 5),
(212, 2, 12, NULL, 3, NULL, NULL, NULL, NULL, 'C53837ad1431a7991b302143d58e9a01c', 0, 1, 6, 0.00, 0.00, 0.00, 0, NULL, 0, 0, 0, 5),
(213, 2, 13, NULL, 3, NULL, NULL, NULL, NULL, 'C53837ad1431a7991b302143d58e9a01c', 0, 1, 6, 0.00, 0.00, 0.00, 0, NULL, 0, 0, 0, 5),
(214, 2, 14, NULL, 3, NULL, NULL, NULL, NULL, 'C53837ad1431a7991b302143d58e9a01c', 0, 1, 6, 0.00, 0.00, 0.00, 0, NULL, 0, 0, 0, 5),
(215, 2, 15, NULL, 3, NULL, NULL, NULL, NULL, 'C53837ad1431a7991b302143d58e9a01c', 0, 1, 6, 0.00, 0.00, 0.00, 0, NULL, 0, 0, 0, 5),
(216, 2, 16, NULL, 3, NULL, NULL, NULL, NULL, 'C53837ad1431a7991b302143d58e9a01c', 0, 1, 6, 0.00, 0.00, 0.00, 0, NULL, 0, 0, 0, 5),
(217, 2, 17, NULL, 3, NULL, NULL, NULL, NULL, 'C53837ad1431a7991b302143d58e9a01c', 0, 1, 6, 0.00, 0.00, 0.00, 0, NULL, 0, 0, 0, 5),
(218, 2, 18, NULL, 3, NULL, NULL, NULL, NULL, 'C53837ad1431a7991b302143d58e9a01c', 0, 1, 6, 0.00, 0.00, 0.00, 0, NULL, 0, 0, 0, 5),
(219, 2, 19, NULL, 3, NULL, NULL, NULL, NULL, 'C53837ad1431a7991b302143d58e9a01c', 0, 1, 6, 0.00, 0.00, 0.00, 0, NULL, 0, 0, 0, 5),
(220, 2, 20, NULL, 3, NULL, NULL, NULL, NULL, 'C53837ad1431a7991b302143d58e9a01c', 0, 1, 6, 0.00, 0.00, 0.00, 0, NULL, 0, 0, 0, 5),
(221, 2, 21, NULL, 3, NULL, NULL, NULL, NULL, 'C53837ad1431a7991b302143d58e9a01c', 0, 1, 6, 0.00, 0.00, 0.00, 0, NULL, 0, 0, 0, 5),
(222, 2, 22, NULL, 3, NULL, NULL, NULL, NULL, 'C53837ad1431a7991b302143d58e9a01c', 0, 1, 6, 0.00, 0.00, 0.00, 0, NULL, 0, 0, 0, 5),
(223, 2, 23, NULL, 3, NULL, NULL, NULL, NULL, 'C53837ad1431a7991b302143d58e9a01c', 0, 1, 6, 0.00, 0.00, 0.00, 0, NULL, 0, 0, 0, 5),
(224, 2, 24, NULL, 3, NULL, NULL, NULL, NULL, 'C53837ad1431a7991b302143d58e9a01c', 0, 1, 6, 0.00, 0.00, 0.00, 0, NULL, 0, 0, 0, 5),
(225, 2, 25, NULL, 3, NULL, NULL, NULL, NULL, 'C53837ad1431a7991b302143d58e9a01c', 0, 1, 6, 0.00, 0.00, 0.00, 0, NULL, 0, 0, 0, 5),
(226, 2, 26, NULL, 3, NULL, NULL, NULL, NULL, 'C53837ad1431a7991b302143d58e9a01c', 0, 1, 6, 0.00, 0.00, 0.00, 0, NULL, 0, 0, 0, 5),
(227, 2, 27, NULL, 3, NULL, NULL, NULL, NULL, 'C53837ad1431a7991b302143d58e9a01c', 0, 1, 6, 0.00, 0.00, 0.00, 0, NULL, 0, 0, 0, 5),
(228, 2, 28, NULL, 3, NULL, NULL, NULL, NULL, 'C53837ad1431a7991b302143d58e9a01c', 0, 1, 6, 0.00, 0.00, 0.00, 0, NULL, 0, 0, 0, 5),
(229, 2, 29, NULL, 3, NULL, NULL, NULL, NULL, 'C53837ad1431a7991b302143d58e9a01c', 0, 1, 6, 0.00, 0.00, 0.00, 0, NULL, 0, 0, 0, 5),
(230, 2, 30, NULL, 3, NULL, NULL, NULL, NULL, 'C53837ad1431a7991b302143d58e9a01c', 0, 1, 6, 0.00, 0.00, 0.00, 0, NULL, 0, 0, 0, 5),
(231, 2, 31, NULL, 3, NULL, NULL, NULL, NULL, 'C53837ad1431a7991b302143d58e9a01c', 0, 1, 6, 0.00, 0.00, 0.00, 0, NULL, 0, 0, 0, 5),
(232, 2, 32, NULL, 3, NULL, NULL, NULL, NULL, 'C53837ad1431a7991b302143d58e9a01c', 0, 1, 6, 0.00, 0.00, 0.00, 0, NULL, 0, 0, 0, 5),
(233, 2, 33, NULL, 3, NULL, NULL, NULL, NULL, 'C53837ad1431a7991b302143d58e9a01c', 0, 1, 6, 0.00, 0.00, 0.00, 0, NULL, 0, 0, 0, 5),
(234, 2, 34, NULL, 3, NULL, NULL, NULL, NULL, 'C53837ad1431a7991b302143d58e9a01c', 0, 1, 6, 0.00, 0.00, 0.00, 0, NULL, 0, 0, 0, 5),
(235, 2, 35, NULL, 3, NULL, NULL, NULL, NULL, 'C53837ad1431a7991b302143d58e9a01c', 0, 1, 6, 0.00, 0.00, 0.00, 0, NULL, 0, 0, 0, 5),
(236, 2, 36, NULL, 3, NULL, NULL, NULL, NULL, 'C53837ad1431a7991b302143d58e9a01c', 0, 1, 6, 0.00, 0.00, 0.00, 0, NULL, 0, 0, 0, 5),
(237, 2, 37, NULL, 3, NULL, NULL, NULL, NULL, 'C53837ad1431a7991b302143d58e9a01c', 0, 1, 6, 0.00, 0.00, 0.00, 0, NULL, 0, 0, 0, 5),
(238, 2, 38, NULL, 3, NULL, NULL, NULL, NULL, 'C53837ad1431a7991b302143d58e9a01c', 0, 1, 6, 0.00, 0.00, 0.00, 0, NULL, 0, 0, 0, 5),
(239, 2, 39, NULL, 3, NULL, NULL, NULL, NULL, 'C53837ad1431a7991b302143d58e9a01c', 0, 1, 6, 0.00, 0.00, 0.00, 0, NULL, 0, 0, 0, 5),
(240, 2, 40, NULL, 3, NULL, NULL, NULL, NULL, 'C53837ad1431a7991b302143d58e9a01c', 0, 1, 6, 0.00, 0.00, 0.00, 0, NULL, 0, 0, 0, 5),
(241, 2, 41, NULL, 3, NULL, NULL, NULL, NULL, 'C53837ad1431a7991b302143d58e9a01c', 0, 1, 6, 0.00, 0.00, 0.00, 0, NULL, 0, 0, 0, 5),
(242, 2, 42, NULL, 3, NULL, NULL, NULL, NULL, 'C53837ad1431a7991b302143d58e9a01c', 0, 1, 6, 0.00, 0.00, 0.00, 0, NULL, 0, 0, 0, 5),
(243, 2, 43, NULL, 3, NULL, NULL, NULL, NULL, 'C53837ad1431a7991b302143d58e9a01c', 0, 1, 6, 0.00, 0.00, 0.00, 0, NULL, 0, 0, 0, 5),
(244, 2, 44, NULL, 3, NULL, NULL, NULL, NULL, 'C53837ad1431a7991b302143d58e9a01c', 0, 1, 6, 0.00, 0.00, 0.00, 0, NULL, 0, 0, 0, 5),
(245, 2, 45, NULL, 3, NULL, NULL, NULL, NULL, 'C53837ad1431a7991b302143d58e9a01c', 0, 1, 6, 0.00, 0.00, 0.00, 0, NULL, 0, 0, 0, 5),
(246, 2, 46, NULL, 3, NULL, NULL, NULL, NULL, 'C53837ad1431a7991b302143d58e9a01c', 0, 1, 6, 0.00, 0.00, 0.00, 0, NULL, 0, 0, 0, 5),
(247, 2, 47, NULL, 3, NULL, NULL, NULL, NULL, 'C53837ad1431a7991b302143d58e9a01c', 0, 1, 6, 0.00, 0.00, 0.00, 0, NULL, 0, 0, 0, 5),
(248, 2, 48, NULL, 3, NULL, NULL, NULL, NULL, 'C53837ad1431a7991b302143d58e9a01c', 0, 1, 6, 0.00, 0.00, 0.00, 0, NULL, 0, 0, 0, 5),
(249, 2, 49, NULL, 3, NULL, NULL, NULL, NULL, 'C53837ad1431a7991b302143d58e9a01c', 0, 1, 6, 0.00, 0.00, 0.00, 0, NULL, 0, 0, 0, 5),
(250, 2, 50, NULL, 3, NULL, NULL, NULL, NULL, 'C53837ad1431a7991b302143d58e9a01c', 0, 1, 6, 0.00, 0.00, 0.00, 0, NULL, 0, 0, 0, 5),
(251, 2, 51, NULL, 3, NULL, NULL, NULL, NULL, 'C53837ad1431a7991b302143d58e9a01c', 0, 1, 6, 0.00, 0.00, 0.00, 0, NULL, 0, 0, 0, 5),
(252, 2, 52, NULL, 3, NULL, NULL, NULL, NULL, 'C53837ad1431a7991b302143d58e9a01c', 0, 1, 6, 0.00, 0.00, 0.00, 0, NULL, 0, 0, 0, 5),
(253, 2, 53, NULL, 3, NULL, NULL, NULL, NULL, 'C53837ad1431a7991b302143d58e9a01c', 0, 1, 6, 0.00, 0.00, 0.00, 0, NULL, 0, 0, 0, 5),
(254, 2, 54, NULL, 3, NULL, NULL, NULL, NULL, 'C53837ad1431a7991b302143d58e9a01c', 0, 1, 6, 0.00, 0.00, 0.00, 0, NULL, 0, 0, 0, 5),
(255, 2, 55, NULL, 3, NULL, NULL, NULL, NULL, 'C53837ad1431a7991b302143d58e9a01c', 0, 1, 6, 0.00, 0.00, 0.00, 0, NULL, 0, 0, 0, 5),
(256, 2, 56, NULL, 3, NULL, NULL, NULL, NULL, 'C53837ad1431a7991b302143d58e9a01c', 0, 1, 6, 0.00, 0.00, 0.00, 0, NULL, 0, 0, 0, 5),
(257, 2, 57, NULL, 3, NULL, NULL, NULL, NULL, 'C53837ad1431a7991b302143d58e9a01c', 0, 1, 6, 0.00, 0.00, 0.00, 0, NULL, 0, 0, 0, 5),
(258, 2, 58, NULL, 3, NULL, NULL, NULL, NULL, 'C53837ad1431a7991b302143d58e9a01c', 0, 1, 6, 0.00, 0.00, 0.00, 0, NULL, 0, 0, 0, 5),
(259, 2, 59, NULL, 3, NULL, NULL, NULL, NULL, 'C53837ad1431a7991b302143d58e9a01c', 0, 1, 6, 0.00, 0.00, 0.00, 0, NULL, 0, 0, 0, 5),
(260, 2, 60, NULL, 3, NULL, NULL, NULL, NULL, 'C53837ad1431a7991b302143d58e9a01c', 0, 1, 6, 0.00, 0.00, 0.00, 0, NULL, 0, 0, 0, 5),
(261, 2, 61, NULL, 3, NULL, NULL, NULL, NULL, 'C53837ad1431a7991b302143d58e9a01c', 0, 1, 6, 0.00, 0.00, 0.00, 0, NULL, 0, 0, 0, 5),
(262, 2, 62, NULL, 3, NULL, NULL, NULL, NULL, 'C53837ad1431a7991b302143d58e9a01c', 0, 1, 6, 0.00, 0.00, 0.00, 0, NULL, 0, 0, 0, 5),
(263, 2, 63, NULL, 3, NULL, NULL, NULL, NULL, 'C53837ad1431a7991b302143d58e9a01c', 0, 1, 6, 0.00, 0.00, 0.00, 0, NULL, 0, 0, 0, 5),
(264, 2, 64, NULL, 3, NULL, NULL, NULL, NULL, 'C53837ad1431a7991b302143d58e9a01c', 0, 1, 6, 0.00, 0.00, 0.00, 0, NULL, 0, 0, 0, 5),
(265, 2, 65, NULL, 3, NULL, NULL, NULL, NULL, 'C53837ad1431a7991b302143d58e9a01c', 0, 1, 6, 0.00, 0.00, 0.00, 0, NULL, 0, 0, 0, 5),
(266, 2, 66, NULL, 3, NULL, NULL, NULL, NULL, 'C53837ad1431a7991b302143d58e9a01c', 0, 1, 6, 0.00, 0.00, 0.00, 0, NULL, 0, 0, 0, 5),
(267, 2, 67, NULL, 3, NULL, NULL, NULL, NULL, 'C53837ad1431a7991b302143d58e9a01c', 0, 1, 6, 0.00, 0.00, 0.00, 0, NULL, 0, 0, 0, 5),
(268, 2, 68, NULL, 3, NULL, NULL, NULL, NULL, 'C53837ad1431a7991b302143d58e9a01c', 0, 1, 6, 0.00, 0.00, 0.00, 0, NULL, 0, 0, 0, 5),
(269, 2, 69, NULL, 3, NULL, NULL, NULL, NULL, 'C53837ad1431a7991b302143d58e9a01c', 0, 1, 6, 0.00, 0.00, 0.00, 0, NULL, 0, 0, 0, 5),
(270, 2, 70, NULL, 3, NULL, NULL, NULL, NULL, 'C53837ad1431a7991b302143d58e9a01c', 0, 1, 6, 0.00, 0.00, 0.00, 0, NULL, 0, 0, 0, 5),
(271, 2, 71, NULL, 3, NULL, NULL, NULL, NULL, 'C53837ad1431a7991b302143d58e9a01c', 0, 1, 6, 0.00, 0.00, 0.00, 0, NULL, 0, 0, 0, 5),
(272, 2, 72, NULL, 3, NULL, NULL, NULL, NULL, 'C53837ad1431a7991b302143d58e9a01c', 0, 1, 6, 0.00, 0.00, 0.00, 0, NULL, 0, 0, 0, 5),
(273, 2, 73, NULL, 3, NULL, NULL, NULL, NULL, 'C53837ad1431a7991b302143d58e9a01c', 0, 1, 6, 0.00, 0.00, 0.00, 0, NULL, 0, 0, 0, 5),
(274, 2, 74, NULL, 3, NULL, NULL, NULL, NULL, 'C53837ad1431a7991b302143d58e9a01c', 0, 1, 6, 0.00, 0.00, 0.00, 0, NULL, 0, 0, 0, 5),
(275, 2, 75, NULL, 3, NULL, NULL, NULL, NULL, 'C53837ad1431a7991b302143d58e9a01c', 0, 1, 6, 0.00, 0.00, 0.00, 0, NULL, 0, 0, 0, 5),
(276, 2, 76, NULL, 3, NULL, NULL, NULL, NULL, 'C53837ad1431a7991b302143d58e9a01c', 0, 1, 6, 0.00, 0.00, 0.00, 0, NULL, 0, 0, 0, 5),
(277, 2, 77, NULL, 3, NULL, NULL, NULL, NULL, 'C53837ad1431a7991b302143d58e9a01c', 0, 1, 6, 0.00, 0.00, 0.00, 0, NULL, 0, 0, 0, 5),
(278, 2, 78, NULL, 3, NULL, NULL, NULL, NULL, 'C53837ad1431a7991b302143d58e9a01c', 0, 1, 6, 0.00, 0.00, 0.00, 0, NULL, 0, 0, 0, 5),
(279, 2, 79, NULL, 3, NULL, NULL, NULL, NULL, 'C53837ad1431a7991b302143d58e9a01c', 0, 1, 6, 0.00, 0.00, 0.00, 0, NULL, 0, 0, 0, 5),
(280, 2, 80, NULL, 3, NULL, NULL, NULL, NULL, 'C53837ad1431a7991b302143d58e9a01c', 0, 1, 6, 0.00, 0.00, 0.00, 0, NULL, 0, 0, 0, 5),
(281, 2, 81, NULL, 3, NULL, NULL, NULL, NULL, 'C53837ad1431a7991b302143d58e9a01c', 0, 1, 6, 0.00, 0.00, 0.00, 0, NULL, 0, 0, 0, 5),
(282, 2, 82, NULL, 3, NULL, NULL, NULL, NULL, 'C53837ad1431a7991b302143d58e9a01c', 0, 1, 6, 0.00, 0.00, 0.00, 0, NULL, 0, 0, 0, 5),
(283, 2, 83, NULL, 3, NULL, NULL, NULL, NULL, 'C53837ad1431a7991b302143d58e9a01c', 0, 1, 6, 0.00, 0.00, 0.00, 0, NULL, 0, 0, 0, 5),
(284, 2, 84, NULL, 3, NULL, NULL, NULL, NULL, 'C53837ad1431a7991b302143d58e9a01c', 0, 1, 6, 0.00, 0.00, 0.00, 0, NULL, 0, 0, 0, 5),
(285, 2, 85, NULL, 3, NULL, NULL, NULL, NULL, 'C53837ad1431a7991b302143d58e9a01c', 0, 1, 6, 0.00, 0.00, 0.00, 0, NULL, 0, 0, 0, 5),
(286, 2, 86, NULL, 3, NULL, NULL, NULL, NULL, 'C53837ad1431a7991b302143d58e9a01c', 0, 1, 6, 0.00, 0.00, 0.00, 0, NULL, 0, 0, 0, 5),
(287, 2, 87, NULL, 3, NULL, NULL, NULL, NULL, 'C53837ad1431a7991b302143d58e9a01c', 0, 1, 6, 0.00, 0.00, 0.00, 0, NULL, 0, 0, 0, 5),
(288, 2, 88, NULL, 3, NULL, NULL, NULL, NULL, 'C53837ad1431a7991b302143d58e9a01c', 0, 1, 6, 0.00, 0.00, 0.00, 0, NULL, 0, 0, 0, 5),
(289, 2, 89, NULL, 3, NULL, NULL, NULL, NULL, 'C53837ad1431a7991b302143d58e9a01c', 0, 1, 6, 0.00, 0.00, 0.00, 0, NULL, 0, 0, 0, 5),
(290, 2, 90, NULL, 3, NULL, NULL, NULL, NULL, 'C53837ad1431a7991b302143d58e9a01c', 0, 1, 6, 0.00, 0.00, 0.00, 0, NULL, 0, 0, 0, 5),
(291, 2, 91, NULL, 3, NULL, NULL, NULL, NULL, 'C53837ad1431a7991b302143d58e9a01c', 0, 1, 6, 0.00, 0.00, 0.00, 0, NULL, 0, 0, 0, 5),
(292, 2, 92, NULL, 3, NULL, NULL, NULL, NULL, 'C53837ad1431a7991b302143d58e9a01c', 0, 1, 6, 0.00, 0.00, 0.00, 0, NULL, 0, 0, 0, 5),
(293, 2, 93, NULL, 3, NULL, NULL, NULL, NULL, 'C53837ad1431a7991b302143d58e9a01c', 0, 1, 6, 0.00, 0.00, 0.00, 0, NULL, 0, 0, 0, 5),
(294, 2, 94, NULL, 3, NULL, NULL, NULL, NULL, 'C53837ad1431a7991b302143d58e9a01c', 0, 1, 6, 0.00, 0.00, 0.00, 0, NULL, 0, 0, 0, 5),
(295, 2, 95, NULL, 3, NULL, NULL, NULL, NULL, 'C53837ad1431a7991b302143d58e9a01c', 0, 1, 6, 0.00, 0.00, 0.00, 0, NULL, 0, 0, 0, 5),
(296, 2, 96, NULL, 3, NULL, NULL, NULL, NULL, 'C53837ad1431a7991b302143d58e9a01c', 0, 1, 6, 0.00, 0.00, 0.00, 0, NULL, 0, 0, 0, 5),
(297, 2, 97, NULL, 3, NULL, NULL, NULL, NULL, 'C53837ad1431a7991b302143d58e9a01c', 0, 1, 6, 0.00, 0.00, 0.00, 0, NULL, 0, 0, 0, 5),
(298, 2, 98, NULL, 3, NULL, NULL, NULL, NULL, 'C53837ad1431a7991b302143d58e9a01c', 0, 1, 6, 0.00, 0.00, 0.00, 0, NULL, 0, 0, 0, 5),
(299, 2, 99, NULL, 3, NULL, NULL, NULL, NULL, 'C53837ad1431a7991b302143d58e9a01c', 0, 1, 6, 0.00, 0.00, 0.00, 0, NULL, 0, 0, 0, 5),
(300, 2, 100, NULL, 3, NULL, NULL, NULL, NULL, 'C53837ad1431a7991b302143d58e9a01c', 0, 1, 6, 0.00, 0.00, 0.00, 0, NULL, 0, 0, 0, 5),
(301, 2, 101, NULL, 3, NULL, NULL, NULL, NULL, 'C53837ad1431a7991b302143d58e9a01c', 0, 1, 6, 0.00, 0.00, 0.00, 0, NULL, 0, 0, 0, 5),
(302, 2, 102, NULL, 3, NULL, NULL, NULL, NULL, 'C53837ad1431a7991b302143d58e9a01c', 0, 1, 6, 0.00, 0.00, 0.00, 0, NULL, 0, 0, 0, 5),
(303, 2, 103, NULL, 3, NULL, NULL, NULL, NULL, 'C53837ad1431a7991b302143d58e9a01c', 0, 1, 6, 0.00, 0.00, 0.00, 0, NULL, 0, 0, 0, 5),
(304, 2, 104, NULL, 3, NULL, NULL, NULL, NULL, 'C53837ad1431a7991b302143d58e9a01c', 0, 1, 6, 0.00, 0.00, 0.00, 0, NULL, 0, 0, 0, 5),
(305, 2, 105, NULL, 3, NULL, NULL, NULL, NULL, 'C53837ad1431a7991b302143d58e9a01c', 0, 1, 6, 0.00, 0.00, 0.00, 0, NULL, 0, 0, 0, 5),
(306, 2, 106, NULL, 3, NULL, NULL, NULL, NULL, 'C53837ad1431a7991b302143d58e9a01c', 0, 1, 6, 0.00, 0.00, 0.00, 0, NULL, 0, 0, 0, 5),
(307, 2, 107, NULL, 3, NULL, NULL, NULL, NULL, 'C53837ad1431a7991b302143d58e9a01c', 0, 1, 6, 0.00, 0.00, 0.00, 0, NULL, 0, 0, 0, 5),
(308, 2, 108, NULL, 3, NULL, NULL, NULL, NULL, 'C53837ad1431a7991b302143d58e9a01c', 0, 1, 6, 0.00, 0.00, 0.00, 0, NULL, 0, 0, 0, 5),
(309, 2, 109, NULL, 3, NULL, NULL, NULL, NULL, 'C53837ad1431a7991b302143d58e9a01c', 0, 1, 6, 0.00, 0.00, 0.00, 0, NULL, 0, 0, 0, 5),
(310, 2, 110, NULL, 3, NULL, NULL, NULL, NULL, 'C53837ad1431a7991b302143d58e9a01c', 0, 1, 6, 0.00, 0.00, 0.00, 0, NULL, 0, 0, 0, 5),
(311, 2, 111, NULL, 3, NULL, NULL, NULL, NULL, 'C53837ad1431a7991b302143d58e9a01c', 0, 1, 6, 0.00, 0.00, 0.00, 0, NULL, 0, 0, 0, 5),
(312, 2, 112, NULL, 3, NULL, NULL, NULL, NULL, 'C53837ad1431a7991b302143d58e9a01c', 0, 1, 6, 0.00, 0.00, 0.00, 0, NULL, 0, 0, 0, 5),
(313, 2, 113, NULL, 3, NULL, NULL, NULL, NULL, 'C53837ad1431a7991b302143d58e9a01c', 0, 1, 6, 0.00, 0.00, 0.00, 0, NULL, 0, 0, 0, 5),
(314, 2, 114, NULL, 3, NULL, NULL, NULL, NULL, 'C53837ad1431a7991b302143d58e9a01c', 0, 1, 6, 0.00, 0.00, 0.00, 0, NULL, 0, 0, 0, 5),
(315, 2, 115, NULL, 3, NULL, NULL, NULL, NULL, 'C53837ad1431a7991b302143d58e9a01c', 0, 1, 6, 0.00, 0.00, 0.00, 0, NULL, 0, 0, 0, 5),
(316, 2, 116, NULL, 3, NULL, NULL, NULL, NULL, 'C53837ad1431a7991b302143d58e9a01c', 0, 1, 6, 0.00, 0.00, 0.00, 0, NULL, 0, 0, 0, 5),
(317, 2, 117, NULL, 3, NULL, NULL, NULL, NULL, 'C53837ad1431a7991b302143d58e9a01c', 0, 1, 6, 0.00, 0.00, 0.00, 0, NULL, 0, 0, 0, 5),
(318, 2, 118, NULL, 3, NULL, NULL, NULL, NULL, 'C53837ad1431a7991b302143d58e9a01c', 0, 1, 6, 0.00, 0.00, 0.00, 0, NULL, 0, 0, 0, 5),
(319, 2, 119, NULL, 3, NULL, NULL, NULL, NULL, 'C53837ad1431a7991b302143d58e9a01c', 0, 1, 6, 0.00, 0.00, 0.00, 0, NULL, 0, 0, 0, 5),
(320, 2, 120, NULL, 3, NULL, NULL, NULL, NULL, 'C53837ad1431a7991b302143d58e9a01c', 0, 1, 6, 0.00, 0.00, 0.00, 0, NULL, 0, 0, 0, 5),
(321, 2, 121, NULL, 3, NULL, NULL, NULL, NULL, 'C53837ad1431a7991b302143d58e9a01c', 0, 1, 6, 0.00, 0.00, 0.00, 0, NULL, 0, 0, 0, 5),
(322, 2, 122, NULL, 3, NULL, NULL, NULL, NULL, 'C53837ad1431a7991b302143d58e9a01c', 0, 1, 6, 0.00, 0.00, 0.00, 0, NULL, 0, 0, 0, 5),
(323, 2, 123, NULL, 3, NULL, NULL, NULL, NULL, 'C53837ad1431a7991b302143d58e9a01c', 0, 1, 6, 0.00, 0.00, 0.00, 0, NULL, 0, 0, 0, 5),
(324, 2, 124, NULL, 3, NULL, NULL, NULL, NULL, 'C53837ad1431a7991b302143d58e9a01c', 0, 1, 6, 0.00, 0.00, 0.00, 0, NULL, 0, 0, 0, 5),
(325, 2, 125, NULL, 3, NULL, NULL, NULL, NULL, 'C53837ad1431a7991b302143d58e9a01c', 0, 1, 6, 0.00, 0.00, 0.00, 0, NULL, 0, 0, 0, 5),
(326, 2, 126, NULL, 3, NULL, NULL, NULL, NULL, 'C53837ad1431a7991b302143d58e9a01c', 0, 1, 6, 0.00, 0.00, 0.00, 0, NULL, 0, 0, 0, 5),
(327, 2, 127, NULL, 3, NULL, NULL, NULL, NULL, 'C53837ad1431a7991b302143d58e9a01c', 0, 1, 6, 0.00, 0.00, 0.00, 0, NULL, 0, 0, 0, 5),
(328, 2, 128, NULL, 3, NULL, NULL, NULL, NULL, 'C53837ad1431a7991b302143d58e9a01c', 0, 1, 6, 0.00, 0.00, 0.00, 0, NULL, 0, 0, 0, 5),
(329, 2, 129, NULL, 3, NULL, NULL, NULL, NULL, 'C53837ad1431a7991b302143d58e9a01c', 0, 1, 6, 0.00, 0.00, 0.00, 0, NULL, 0, 0, 0, 5),
(330, 2, 130, NULL, 3, NULL, NULL, NULL, NULL, 'C53837ad1431a7991b302143d58e9a01c', 0, 1, 6, 0.00, 0.00, 0.00, 0, NULL, 0, 0, 0, 5),
(331, 2, 131, NULL, 3, NULL, NULL, NULL, NULL, 'C53837ad1431a7991b302143d58e9a01c', 0, 1, 6, 0.00, 0.00, 0.00, 0, NULL, 0, 0, 0, 5),
(332, 2, 132, NULL, 3, NULL, NULL, NULL, NULL, 'C53837ad1431a7991b302143d58e9a01c', 0, 1, 6, 0.00, 0.00, 0.00, 0, NULL, 0, 0, 0, 5),
(333, 2, 133, NULL, 3, NULL, NULL, NULL, NULL, 'C53837ad1431a7991b302143d58e9a01c', 0, 1, 6, 0.00, 0.00, 0.00, 0, NULL, 0, 0, 0, 5),
(334, 2, 134, NULL, 3, NULL, NULL, NULL, NULL, 'C53837ad1431a7991b302143d58e9a01c', 0, 1, 6, 0.00, 0.00, 0.00, 0, NULL, 0, 0, 0, 5),
(335, 2, 135, NULL, 3, NULL, NULL, NULL, NULL, 'C53837ad1431a7991b302143d58e9a01c', 0, 1, 6, 0.00, 0.00, 0.00, 0, NULL, 0, 0, 0, 5),
(336, 2, 136, NULL, 3, NULL, NULL, NULL, NULL, 'C53837ad1431a7991b302143d58e9a01c', 0, 1, 6, 0.00, 0.00, 0.00, 0, NULL, 0, 0, 0, 5),
(337, 2, 137, NULL, 3, NULL, NULL, NULL, NULL, 'C53837ad1431a7991b302143d58e9a01c', 0, 1, 6, 0.00, 0.00, 0.00, 0, NULL, 0, 0, 0, 5),
(338, 2, 138, NULL, 3, NULL, NULL, NULL, NULL, 'C53837ad1431a7991b302143d58e9a01c', 0, 1, 6, 0.00, 0.00, 0.00, 0, NULL, 0, 0, 0, 5),
(339, 2, 139, NULL, 3, NULL, NULL, NULL, NULL, 'C53837ad1431a7991b302143d58e9a01c', 0, 1, 6, 0.00, 0.00, 0.00, 0, NULL, 0, 0, 0, 5),
(340, 2, 140, NULL, 3, NULL, NULL, NULL, NULL, 'C53837ad1431a7991b302143d58e9a01c', 0, 1, 6, 0.00, 0.00, 0.00, 0, NULL, 0, 0, 0, 5),
(341, 2, 141, NULL, 3, NULL, NULL, NULL, NULL, 'C53837ad1431a7991b302143d58e9a01c', 0, 1, 6, 0.00, 0.00, 0.00, 0, NULL, 0, 0, 0, 5),
(342, 2, 142, NULL, 3, NULL, NULL, NULL, NULL, 'C53837ad1431a7991b302143d58e9a01c', 0, 1, 6, 0.00, 0.00, 0.00, 0, NULL, 0, 0, 0, 5),
(343, 2, 143, NULL, 3, NULL, NULL, NULL, NULL, 'C53837ad1431a7991b302143d58e9a01c', 0, 1, 6, 0.00, 0.00, 0.00, 0, NULL, 0, 0, 0, 5),
(344, 2, 144, NULL, 3, NULL, NULL, NULL, NULL, 'C53837ad1431a7991b302143d58e9a01c', 0, 1, 6, 0.00, 0.00, 0.00, 0, NULL, 0, 0, 0, 5),
(345, 2, 145, NULL, 3, NULL, NULL, NULL, NULL, 'C53837ad1431a7991b302143d58e9a01c', 0, 1, 6, 0.00, 0.00, 0.00, 0, NULL, 0, 0, 0, 5),
(346, 2, 146, NULL, 3, NULL, NULL, NULL, NULL, 'C53837ad1431a7991b302143d58e9a01c', 0, 1, 6, 0.00, 0.00, 0.00, 0, NULL, 0, 0, 0, 5),
(347, 2, 147, NULL, 3, NULL, NULL, NULL, NULL, 'C53837ad1431a7991b302143d58e9a01c', 0, 1, 6, 0.00, 0.00, 0.00, 0, NULL, 0, 0, 0, 5),
(348, 2, 148, NULL, 3, NULL, NULL, NULL, NULL, 'C53837ad1431a7991b302143d58e9a01c', 0, 1, 6, 0.00, 0.00, 0.00, 0, NULL, 0, 0, 0, 5),
(349, 2, 149, NULL, 3, NULL, NULL, NULL, NULL, 'C53837ad1431a7991b302143d58e9a01c', 0, 1, 6, 0.00, 0.00, 0.00, 0, NULL, 0, 0, 0, 5),
(350, 2, 150, NULL, 3, NULL, NULL, NULL, NULL, 'C53837ad1431a7991b302143d58e9a01c', 0, 1, 6, 0.00, 0.00, 0.00, 0, NULL, 0, 0, 0, 5),
(351, 2, 151, NULL, 3, NULL, NULL, NULL, NULL, 'C53837ad1431a7991b302143d58e9a01c', 0, 1, 6, 0.00, 0.00, 0.00, 0, NULL, 0, 0, 0, 5),
(352, 2, 152, NULL, 3, NULL, NULL, NULL, NULL, 'C53837ad1431a7991b302143d58e9a01c', 0, 1, 6, 0.00, 0.00, 0.00, 0, NULL, 0, 0, 0, 5),
(353, 2, 153, NULL, 3, NULL, NULL, NULL, NULL, 'C53837ad1431a7991b302143d58e9a01c', 0, 1, 6, 0.00, 0.00, 0.00, 0, NULL, 0, 0, 0, 5),
(354, 2, 154, NULL, 3, NULL, NULL, NULL, NULL, 'C53837ad1431a7991b302143d58e9a01c', 0, 1, 6, 0.00, 0.00, 0.00, 0, NULL, 0, 0, 0, 5),
(355, 2, 155, NULL, 3, NULL, NULL, NULL, NULL, 'C53837ad1431a7991b302143d58e9a01c', 0, 1, 6, 0.00, 0.00, 0.00, 0, NULL, 0, 0, 0, 5),
(356, 2, 156, NULL, 3, NULL, NULL, NULL, NULL, 'C53837ad1431a7991b302143d58e9a01c', 0, 1, 6, 0.00, 0.00, 0.00, 0, NULL, 0, 0, 0, 5),
(357, 2, 157, NULL, 3, NULL, NULL, NULL, NULL, 'C53837ad1431a7991b302143d58e9a01c', 0, 1, 6, 0.00, 0.00, 0.00, 0, NULL, 0, 0, 0, 5),
(358, 2, 158, NULL, 3, NULL, NULL, NULL, NULL, 'C53837ad1431a7991b302143d58e9a01c', 0, 1, 6, 0.00, 0.00, 0.00, 0, NULL, 0, 0, 0, 5),
(359, 2, 159, NULL, 3, NULL, NULL, NULL, NULL, 'C53837ad1431a7991b302143d58e9a01c', 0, 1, 6, 0.00, 0.00, 0.00, 0, NULL, 0, 0, 0, 5),
(360, 2, 160, NULL, 3, NULL, NULL, NULL, NULL, 'C53837ad1431a7991b302143d58e9a01c', 0, 1, 6, 0.00, 0.00, 0.00, 0, NULL, 0, 0, 0, 5),
(361, 2, 161, NULL, 3, NULL, NULL, NULL, NULL, 'C53837ad1431a7991b302143d58e9a01c', 0, 1, 6, 0.00, 0.00, 0.00, 0, NULL, 0, 0, 0, 5),
(362, 2, 162, NULL, 3, NULL, NULL, NULL, NULL, 'C53837ad1431a7991b302143d58e9a01c', 0, 1, 6, 0.00, 0.00, 0.00, 0, NULL, 0, 0, 0, 5),
(363, 2, 163, NULL, 3, NULL, NULL, NULL, NULL, 'C53837ad1431a7991b302143d58e9a01c', 0, 1, 6, 0.00, 0.00, 0.00, 0, NULL, 0, 0, 0, 5),
(364, 2, 164, NULL, 3, NULL, NULL, NULL, NULL, 'C53837ad1431a7991b302143d58e9a01c', 0, 1, 6, 0.00, 0.00, 0.00, 0, NULL, 0, 0, 0, 5),
(365, 2, 165, NULL, 3, NULL, NULL, NULL, NULL, 'C53837ad1431a7991b302143d58e9a01c', 0, 1, 6, 0.00, 0.00, 0.00, 0, NULL, 0, 0, 0, 5),
(366, 2, 166, NULL, 3, NULL, NULL, NULL, NULL, 'C53837ad1431a7991b302143d58e9a01c', 0, 1, 6, 0.00, 0.00, 0.00, 0, NULL, 0, 0, 0, 5),
(367, 2, 167, NULL, 3, NULL, NULL, NULL, NULL, 'C53837ad1431a7991b302143d58e9a01c', 0, 1, 6, 0.00, 0.00, 0.00, 0, NULL, 0, 0, 0, 5),
(368, 2, 168, NULL, 3, NULL, NULL, NULL, NULL, 'C53837ad1431a7991b302143d58e9a01c', 0, 1, 6, 0.00, 0.00, 0.00, 0, NULL, 0, 0, 0, 5),
(369, 2, 169, NULL, 3, NULL, NULL, NULL, NULL, 'C53837ad1431a7991b302143d58e9a01c', 0, 1, 6, 0.00, 0.00, 0.00, 0, NULL, 0, 0, 0, 5),
(370, 2, 170, NULL, 3, NULL, NULL, NULL, NULL, 'C53837ad1431a7991b302143d58e9a01c', 0, 1, 6, 0.00, 0.00, 0.00, 0, NULL, 0, 0, 0, 5),
(371, 2, 171, NULL, 3, NULL, NULL, NULL, NULL, 'C53837ad1431a7991b302143d58e9a01c', 0, 1, 6, 0.00, 0.00, 0.00, 0, NULL, 0, 0, 0, 5),
(372, 2, 172, NULL, 3, NULL, NULL, NULL, NULL, 'C53837ad1431a7991b302143d58e9a01c', 0, 1, 6, 0.00, 0.00, 0.00, 0, NULL, 0, 0, 0, 5),
(373, 2, 173, NULL, 3, NULL, NULL, NULL, NULL, 'C53837ad1431a7991b302143d58e9a01c', 0, 1, 6, 0.00, 0.00, 0.00, 0, NULL, 0, 0, 0, 5),
(374, 2, 174, NULL, 3, NULL, NULL, NULL, NULL, 'C53837ad1431a7991b302143d58e9a01c', 0, 1, 6, 0.00, 0.00, 0.00, 0, NULL, 0, 0, 0, 5),
(375, 2, 175, NULL, 3, NULL, NULL, NULL, NULL, 'C53837ad1431a7991b302143d58e9a01c', 0, 1, 6, 0.00, 0.00, 0.00, 0, NULL, 0, 0, 0, 5),
(376, 2, 176, NULL, 3, NULL, NULL, NULL, NULL, 'C53837ad1431a7991b302143d58e9a01c', 0, 1, 6, 0.00, 0.00, 0.00, 0, NULL, 0, 0, 0, 5),
(377, 2, 177, NULL, 3, NULL, NULL, NULL, NULL, 'C53837ad1431a7991b302143d58e9a01c', 0, 1, 6, 0.00, 0.00, 0.00, 0, NULL, 0, 0, 0, 5),
(378, 2, 178, NULL, 3, NULL, NULL, NULL, NULL, 'C53837ad1431a7991b302143d58e9a01c', 0, 1, 6, 0.00, 0.00, 0.00, 0, NULL, 0, 0, 0, 5),
(379, 2, 179, NULL, 3, NULL, NULL, NULL, NULL, 'C53837ad1431a7991b302143d58e9a01c', 0, 1, 6, 0.00, 0.00, 0.00, 0, NULL, 0, 0, 0, 5),
(380, 2, 180, NULL, 3, NULL, NULL, NULL, NULL, 'C53837ad1431a7991b302143d58e9a01c', 0, 1, 6, 0.00, 0.00, 0.00, 0, NULL, 0, 0, 0, 5),
(381, 2, 181, NULL, 3, NULL, NULL, NULL, NULL, 'C53837ad1431a7991b302143d58e9a01c', 0, 1, 6, 0.00, 0.00, 0.00, 0, NULL, 0, 0, 0, 5);
INSERT INTO `group_live_card_opens` (`glco_ID`, `groupLive_ID`, `glco_count`, `grId`, `msID`, `datetime`, `created_at`, `updated_at`, `deleted_at`, `groupId`, `glcoDelete`, `glcoCancel`, `status_id`, `GL_Total_Quantity`, `GL_Total_Payment`, `GL_Remaining_Balance`, `GL_Confirm_Result`, `GL_Confirm_User`, `GL_Win_Total`, `GL_Loss_Total`, `GL_Games_Played`, `GLCO_STEP`) VALUES
(382, 2, 182, NULL, 3, NULL, NULL, NULL, NULL, 'C53837ad1431a7991b302143d58e9a01c', 0, 1, 6, 0.00, 0.00, 0.00, 0, NULL, 0, 0, 0, 5),
(383, 2, 183, NULL, 3, NULL, NULL, NULL, NULL, 'C53837ad1431a7991b302143d58e9a01c', 0, 1, 6, 0.00, 0.00, 0.00, 0, NULL, 0, 0, 0, 5),
(384, 2, 184, NULL, 3, NULL, NULL, NULL, NULL, 'C53837ad1431a7991b302143d58e9a01c', 0, 1, 6, 0.00, 0.00, 0.00, 0, NULL, 0, 0, 0, 5),
(385, 2, 185, NULL, 3, NULL, NULL, NULL, NULL, 'C53837ad1431a7991b302143d58e9a01c', 0, 1, 6, 0.00, 0.00, 0.00, 0, NULL, 0, 0, 0, 5),
(386, 2, 186, NULL, 3, NULL, NULL, NULL, NULL, 'C53837ad1431a7991b302143d58e9a01c', 0, 1, 6, 0.00, 0.00, 0.00, 0, NULL, 0, 0, 0, 5),
(387, 2, 187, NULL, 3, NULL, NULL, NULL, NULL, 'C53837ad1431a7991b302143d58e9a01c', 0, 1, 6, 0.00, 0.00, 0.00, 0, NULL, 0, 0, 0, 5),
(388, 2, 188, NULL, 3, NULL, NULL, NULL, NULL, 'C53837ad1431a7991b302143d58e9a01c', 0, 1, 6, 0.00, 0.00, 0.00, 0, NULL, 0, 0, 0, 5),
(389, 2, 189, NULL, 3, NULL, NULL, NULL, NULL, 'C53837ad1431a7991b302143d58e9a01c', 0, 1, 6, 0.00, 0.00, 0.00, 0, NULL, 0, 0, 0, 5),
(390, 2, 190, NULL, 3, NULL, NULL, NULL, NULL, 'C53837ad1431a7991b302143d58e9a01c', 0, 1, 6, 0.00, 0.00, 0.00, 0, NULL, 0, 0, 0, 5),
(391, 2, 191, NULL, 3, NULL, NULL, NULL, NULL, 'C53837ad1431a7991b302143d58e9a01c', 0, 1, 6, 0.00, 0.00, 0.00, 0, NULL, 0, 0, 0, 5),
(392, 2, 192, NULL, 3, NULL, NULL, NULL, NULL, 'C53837ad1431a7991b302143d58e9a01c', 0, 1, 6, 0.00, 0.00, 0.00, 0, NULL, 0, 0, 0, 5),
(393, 2, 193, NULL, 3, NULL, NULL, NULL, NULL, 'C53837ad1431a7991b302143d58e9a01c', 0, 1, 6, 0.00, 0.00, 0.00, 0, NULL, 0, 0, 0, 5),
(394, 2, 194, NULL, 3, NULL, NULL, NULL, NULL, 'C53837ad1431a7991b302143d58e9a01c', 0, 1, 6, 0.00, 0.00, 0.00, 0, NULL, 0, 0, 0, 5),
(395, 2, 195, NULL, 3, NULL, NULL, NULL, NULL, 'C53837ad1431a7991b302143d58e9a01c', 0, 1, 6, 0.00, 0.00, 0.00, 0, NULL, 0, 0, 0, 5),
(396, 2, 196, NULL, 3, NULL, NULL, NULL, NULL, 'C53837ad1431a7991b302143d58e9a01c', 0, 1, 6, 0.00, 0.00, 0.00, 0, NULL, 0, 0, 0, 5),
(397, 2, 197, NULL, 3, NULL, NULL, NULL, NULL, 'C53837ad1431a7991b302143d58e9a01c', 0, 1, 6, 0.00, 0.00, 0.00, 0, NULL, 0, 0, 0, 5),
(398, 2, 198, NULL, 3, NULL, NULL, NULL, NULL, 'C53837ad1431a7991b302143d58e9a01c', 0, 1, 6, 0.00, 0.00, 0.00, 0, NULL, 0, 0, 0, 5),
(399, 2, 199, NULL, 3, NULL, NULL, NULL, NULL, 'C53837ad1431a7991b302143d58e9a01c', 0, 1, 6, 0.00, 0.00, 0.00, 0, NULL, 0, 0, 0, 5),
(400, 2, 200, NULL, 3, NULL, NULL, NULL, NULL, 'C53837ad1431a7991b302143d58e9a01c', 0, 1, 6, 0.00, 0.00, 0.00, 0, NULL, 0, 0, 0, 5);

-- --------------------------------------------------------

--
-- Table structure for table `howtoplay_m`
--

CREATE TABLE `howtoplay_m` (
  `htp_id` int NOT NULL COMMENT 'รหัสประจำตัววิธีการเล่น (Primary Key)',
  `msID` bigint NOT NULL COMMENT 'รหัสเกม (Foreign Key จาก gamemasters)',
  `htp_text` text COLLATE utf8mb4_general_ci NOT NULL COMMENT 'เนื้อหาวิธีการเล่น'
) ENGINE=InnoDB DEFAULT CHARSET=utf8mb4 COLLATE=utf8mb4_general_ci;

-- --------------------------------------------------------

--
-- Table structure for table `lnvitelink`
--

CREATE TABLE `lnvitelink` (
  `LL_ID` int NOT NULL COMMENT 'รหัสประจำตัวลิงค์เชิญ (Primary Key)',
  `LL_CODE` varchar(20) COLLATE utf8mb4_general_ci NOT NULL COMMENT 'รหัสลิงค์เชิญ',
  `ac_code` varchar(255) COLLATE utf8mb4_general_ci NOT NULL COMMENT 'รหัสแอดมิน (Foreign Key จาก accounts_admin)',
  `groupId` varchar(255) COLLATE utf8mb4_general_ci DEFAULT NULL COMMENT 'รหัสกลุ่ม (Foreign Key จาก groups)',
  `LL_LINK` varchar(255) COLLATE utf8mb4_general_ci NOT NULL COMMENT 'URL ลิงค์เชิญ',
  `LL_created_at` timestamp NOT NULL COMMENT 'วันเวลาที่สร้างลิงค์',
  `LL_updated_at` timestamp NOT NULL COMMENT 'วันเวลาที่อัพเดทลิงค์ล่าสุด',
  `LL_deleted_at` timestamp NOT NULL COMMENT 'วันเวลาที่ลบลิงค์',
  `LL_START_DATE` date NOT NULL COMMENT 'วันที่เริ่มใช้งานลิงค์',
  `LL_EXPIRE` date DEFAULT NULL COMMENT 'วันที่หมดอายุลิงค์',
  `LL_COUNT` int NOT NULL DEFAULT '0' COMMENT 'จำนวนครั้งที่ใช้งานลิงค์',
  `LL_TYPE` enum('lnv','member') COLLATE utf8mb4_general_ci NOT NULL DEFAULT 'lnv' COMMENT 'ประเภทลิงค์ (lnv = ลิงค์ทั่วไป, member = ลิงค์สมาชิก)',
  `user_id` int DEFAULT NULL COMMENT 'รหัสผู้ใช้ (Foreign Key จาก members)',
  `LL_LIMIT` int DEFAULT NULL COMMENT 'จำนวนจำกัดการใช้งานลิงค์',
  `LL_ACTION` tinyint(1) NOT NULL DEFAULT '0' COMMENT 'สถานะการกระทำ (0 = ปกติ, 1 = มีการกระทำ)',
  `LL_DELETE` tinyint(1) NOT NULL DEFAULT '0' COMMENT 'สถานะการลบ (0 = ใช้งาน, 1 = ลบ)'
) ENGINE=InnoDB DEFAULT CHARSET=utf8mb4 COLLATE=utf8mb4_general_ci;

-- --------------------------------------------------------

--
-- Table structure for table `logs`
--

CREATE TABLE `logs` (
  `LogID` int NOT NULL COMMENT 'รหัสประจำตัวล็อก (Primary Key)',
  `ac_id` int DEFAULT NULL COMMENT 'รหัสแอดมิน (Foreign Key จาก accounts_admin)',
  `Action` varchar(50) COLLATE utf8mb4_general_ci DEFAULT NULL COMMENT 'การกระทำที่บันทึก',
  `Timestamp` datetime DEFAULT NULL COMMENT 'วันเวลาที่บันทึก'
) ENGINE=InnoDB DEFAULT CHARSET=utf8mb4 COLLATE=utf8mb4_general_ci;

-- --------------------------------------------------------

--
-- Table structure for table `logswebhook`
--

CREATE TABLE `logswebhook` (
  `lwb_id` bigint NOT NULL COMMENT 'รหัสประจำตัวล็อก webhook (Primary Key)',
  `lwb_destination` text COLLATE utf8mb4_general_ci NOT NULL COMMENT 'ปลายทางของ webhook',
  `lwb_events` longtext COLLATE utf8mb4_general_ci NOT NULL COMMENT 'เหตุการณ์ของ webhook',
  `created_at` timestamp NOT NULL COMMENT 'วันเวลาที่สร้างข้อมูล',
  `update_at` datetime NOT NULL COMMENT 'วันเวลาที่อัพเดทข้อมูลล่าสุด'
) ENGINE=InnoDB DEFAULT CHARSET=utf8mb4 COLLATE=utf8mb4_general_ci;

-- --------------------------------------------------------

--
-- Table structure for table `log_admins`
--

CREATE TABLE `log_admins` (
  `log_id` bigint NOT NULL COMMENT 'รหัสประจำตัวล็อกแอดมิน (Primary Key)',
  `ac_code` varchar(255) COLLATE utf8mb4_general_ci DEFAULT NULL COMMENT 'รหัสแอดมินที่กระทำ (Foreign Key จาก accounts_admin)',
  `status_id` int DEFAULT NULL COMMENT 'รหัสสถานะ (Foreign Key จาก status)',
  `action_note` text COLLATE utf8mb4_general_ci COMMENT 'หมายเหตุการกระทำ',
  `user_id` int DEFAULT NULL COMMENT 'รหัสผู้ใช้ (Foreign Key จาก members)',
  `created_at` timestamp NOT NULL COMMENT 'วันเวลาที่สร้างข้อมูล'
) ENGINE=InnoDB DEFAULT CHARSET=utf8mb4 COLLATE=utf8mb4_general_ci;

-- --------------------------------------------------------

--
-- Table structure for table `members`
--

CREATE TABLE `members` (
  `user_id` int NOT NULL COMMENT 'รหัสประจำตัวสมาชิก (Primary Key)',
  `user_register_status` tinyint(1) DEFAULT NULL COMMENT 'สถานะการลงทะเบียน',
  `user_line_id` varchar(100) COLLATE utf8mb4_general_ci DEFAULT NULL COMMENT 'รหัส LINE ของสมาชิก',
  `user_line_status` varchar(2) COLLATE utf8mb4_general_ci DEFAULT NULL COMMENT 'ผู้บัญชีไลน์',
  `userId` varchar(255) COLLATE utf8mb4_general_ci DEFAULT NULL COMMENT 'รหัสผู้ใช้ LINE (Unique)',
  `displayName` varchar(255) COLLATE utf8mb4_general_ci DEFAULT NULL COMMENT 'ชื่อที่แสดง',
  `userDelete` tinyint(1) NOT NULL DEFAULT '0' COMMENT 'สถานะการลบ (0 = ใช้งาน, 1 = ลบ)',
  `datetime` timestamp NULL DEFAULT NULL COMMENT 'วันเวลาของรายการ',
  `created_at` timestamp NULL DEFAULT NULL COMMENT 'วันเวลาที่สร้างข้อมูล',
  `updated_at` timestamp NULL DEFAULT NULL COMMENT 'วันเวลาที่อัพเดทข้อมูลล่าสุด',
  `deleted_at` timestamp NULL DEFAULT NULL COMMENT 'วันเวลาที่ลบข้อมูล (Soft Delete)',
  `pictureUrl` text COLLATE utf8mb4_general_ci COMMENT 'URL รูปโปรไฟล์',
  `language` varchar(50) COLLATE utf8mb4_general_ci DEFAULT 'th' COMMENT 'ภาษาที่ใช้',
  `statusMessage` varchar(255) COLLATE utf8mb4_general_ci DEFAULT NULL COMMENT 'ข้อความสถานะ',
  `follow` tinyint(1) NOT NULL DEFAULT '1' COMMENT 'สถานะการติดตาม (0 = ไม่ติดตาม, 1 = ติดตาม)',
  `user_remain` decimal(65,2) NOT NULL DEFAULT '0.00' COMMENT 'ยอดเงินคงเหลือของสมาชิก',
  `user_agent` varchar(100) COLLATE utf8mb4_general_ci DEFAULT NULL COMMENT 'รหัสตัวแทน (Foreign Key จาก accounts_admin)',
  `user_agent_date` timestamp NULL DEFAULT NULL COMMENT 'วันเวลาที่กำหนดตัวแทน',
  `user_TotalAmount` decimal(65,2) NOT NULL DEFAULT '0.00' COMMENT 'ยอดเงินรวมทั้งหมด',
  `user_TotalWithdrawal` decimal(65,2) NOT NULL DEFAULT '0.00' COMMENT 'ยอดถอนเงินรวมทั้งหมด',
  `user_bank` varchar(255) COLLATE utf8mb4_general_ci DEFAULT NULL COMMENT 'ชื่อธนาคารของสมาชิก',
  `user_bankNumber` varchar(50) COLLATE utf8mb4_general_ci DEFAULT NULL COMMENT 'เลขที่บัญชีธนาคาร',
  `user_bankFName` varchar(100) COLLATE utf8mb4_general_ci DEFAULT NULL COMMENT 'ชื่อบัญชีธนาคาร',
  `user_fname` varchar(50) COLLATE utf8mb4_general_ci DEFAULT NULL COMMENT 'ชื่อจริงของสมาชิก',
  `user_lname` varchar(50) COLLATE utf8mb4_general_ci DEFAULT NULL COMMENT 'นามสกุลของสมาชิก',
  `user_email` varchar(255) COLLATE utf8mb4_general_ci DEFAULT NULL COMMENT 'อีเมลของสมาชิก',
  `user_phone` varchar(20) COLLATE utf8mb4_general_ci DEFAULT NULL COMMENT 'เบอร์โทรศัพท์ของสมาชิก',
  `user_address` text COLLATE utf8mb4_general_ci COMMENT 'ที่อยู่ของสมาชิก',
  `user_zipCode` varchar(30) COLLATE utf8mb4_general_ci DEFAULT NULL COMMENT 'รหัสไปรษณีย์',
  `user_country` varchar(100) COLLATE utf8mb4_general_ci DEFAULT NULL COMMENT 'ประเทศ',
  `user_currency` varchar(50) COLLATE utf8mb4_general_ci NOT NULL DEFAULT 'THB' COMMENT 'สกุลเงินที่ใช้',
  `user_bankLName` varchar(50) COLLATE utf8mb4_general_ci DEFAULT NULL COMMENT 'นามสกุลบัญชีธนาคาร',
  `user_password` text COLLATE utf8mb4_general_ci COMMENT 'รหัสผ่านของสมาชิก (เข้ารหัส)'
) ENGINE=InnoDB DEFAULT CHARSET=utf8mb4 COLLATE=utf8mb4_general_ci;

--
-- Dumping data for table `members`
--

INSERT INTO `members` (`user_id`, `user_register_status`, `user_line_id`, `user_line_status`, `userId`, `displayName`, `userDelete`, `datetime`, `created_at`, `updated_at`, `deleted_at`, `pictureUrl`, `language`, `statusMessage`, `follow`, `user_remain`, `user_agent`, `user_agent_date`, `user_TotalAmount`, `user_TotalWithdrawal`, `user_bank`, `user_bankNumber`, `user_bankFName`, `user_fname`, `user_lname`, `user_email`, `user_phone`, `user_address`, `user_zipCode`, `user_country`, `user_currency`, `user_bankLName`, `user_password`) VALUES
(1, 1, '0987654321', NULL, NULL, NULL, 0, NULL, NULL, NULL, NULL, 'https://th777gkf1.com/icons/icon-512x512.png', 'th', NULL, 0, 0.00, NULL, NULL, 0.00, 0.00, 'ธนาคารกรุงเทพ', '0987654321', 'SOM', 'SOM', 'GET', 'user@gmail.com', '0987654321', NULL, NULL, NULL, 'THB', 'GET', '$2y$10$tptRRPX.jdi4/xt8hxgZ3uqD7MpdtS8jRok.n9.Em7Hd9RJDRrjNK'),
(2, 1, 'Mongzin2003', NULL, NULL, NULL, 0, NULL, NULL, NULL, NULL, 'https://th777gkf1.com/icons/icon-512x512.png', 'th', NULL, 0, 0.00, NULL, NULL, 0.00, 0.00, 'ธนาคารทหารไทยธนชาต', '2337183012', 'WIRAPHON PHETTHONG', 'WIRAPHON PHETTHONG', 'WIRAPHON PHETTHONG', 'mung95lampang@email.com', '0637820777', NULL, NULL, NULL, 'THB', 'WIRAPHON PHETTHONG', '$2y$10$7Hf/Fg8iO/oqbl11l1yPRewWqzkt0xNudp2cwqroVpKtKxLidWyyy'),
(3, 1, '0890987654', NULL, NULL, NULL, 0, NULL, NULL, NULL, NULL, 'https://th777gkf1.com/icons/icon-512x512.png', 'th', NULL, 0, 0.00, NULL, NULL, 0.00, 0.00, 'ธนาคารกสิกรไทย', '0890987654', 'SSSO', 'SSSO', 'WFF', 'user1@gmail.com', '0890987654', NULL, NULL, NULL, 'THB', 'WFF', '$2y$10$JAxhPOcyjf6kcF6gfBT0yOFORSvbGAgnalKhDRqsH2B5qBsIeKF0C');

-- --------------------------------------------------------

--
-- Table structure for table `member_statements`
--

CREATE TABLE `member_statements` (
  `statement_ID` bigint NOT NULL COMMENT 'รหัสประจำตัวรายการสมาชิก (Primary Key)',
  `user_id` int DEFAULT NULL COMMENT 'รหัสผู้ใช้ (Foreign Key จาก members)',
  `statement_IN` tinyint(1) DEFAULT '0' COMMENT 'สถานะเงินเข้า (0 = ไม่เข้า, 1 = เข้า)',
  `statement_OUT` tinyint(1) DEFAULT '0' COMMENT 'สถานะเงินออก (0 = ไม่ออก, 1 = ออก)',
  `status_id` int DEFAULT NULL COMMENT 'รหัสสถานะ (Foreign Key จาก status)',
  `statement_note` text COLLATE utf8mb4_general_ci COMMENT 'หมายเหตุของรายการ',
  `datetime` datetime DEFAULT NULL COMMENT 'วันเวลาของรายการ',
  `created_at` timestamp NULL DEFAULT NULL COMMENT 'วันเวลาที่สร้างข้อมูล',
  `updated_at` timestamp NULL DEFAULT NULL COMMENT 'วันเวลาที่อัพเดทข้อมูลล่าสุด',
  `deleted_at` timestamp NULL DEFAULT NULL COMMENT 'วันเวลาที่ลบข้อมูล (Soft Delete)',
  `statement_remain` decimal(65,2) DEFAULT '0.00' COMMENT 'ยอดเงินคงเหลือ',
  `money_incoming` decimal(65,2) DEFAULT '0.00' COMMENT 'จำนวนเงินที่เข้า',
  `money_out` decimal(65,2) DEFAULT '0.00' COMMENT 'จำนวนเงินที่ออก',
  `ac_code` varchar(255) COLLATE utf8mb4_general_ci DEFAULT NULL COMMENT 'รหัสแอดมิน (Foreign Key จาก accounts_admin)',
  `statement_slip` varchar(100) COLLATE utf8mb4_general_ci DEFAULT NULL COMMENT 'ชื่อไฟล์สลิป (ถ้ามี)',
  `blit_id` bigint DEFAULT NULL COMMENT 'รหัสบัญชีธนาคาร (Foreign Key จาก banklists)',
  `gamb_ID` bigint DEFAULT NULL COMMENT 'รหัสประวัติการพนัน (Foreign Key จาก gambling_histories)',
  `PAY_ID` bigint DEFAULT NULL COMMENT 'รหัสการชำระเงิน (Foreign Key จาก payments)'
) ENGINE=InnoDB DEFAULT CHARSET=utf8mb4 COLLATE=utf8mb4_general_ci;

-- --------------------------------------------------------

--
-- Table structure for table `migrations`
--

CREATE TABLE `migrations` (
  `id` bigint UNSIGNED NOT NULL,
  `version` varchar(255) COLLATE utf8mb4_general_ci NOT NULL,
  `class` varchar(255) COLLATE utf8mb4_general_ci NOT NULL,
  `group` varchar(255) COLLATE utf8mb4_general_ci NOT NULL,
  `namespace` varchar(255) COLLATE utf8mb4_general_ci NOT NULL,
  `time` int NOT NULL,
  `batch` int UNSIGNED NOT NULL
) ENGINE=InnoDB DEFAULT CHARSET=utf8mb4 COLLATE=utf8mb4_general_ci;

--
-- Dumping data for table `migrations`
--

INSERT INTO `migrations` (`id`, `version`, `class`, `group`, `namespace`, `time`, `batch`) VALUES
(53, '2025-03-03-000001', 'App\\Database\\Migrations\\CreateRoles', 'default', 'App', 1741719506, 1),
(54, '2025-03-03-000002', 'App\\Database\\Migrations\\CreatePermissions', 'default', 'App', 1741719506, 1),
(55, '2025-03-03-000003', 'App\\Database\\Migrations\\CreateRolepermissions', 'default', 'App', 1741719506, 1),
(56, '2025-03-03-000004', 'App\\Database\\Migrations\\CreateAccountsAdmin', 'default', 'App', 1741719507, 1),
(57, '2025-03-03-000005', 'App\\Database\\Migrations\\CreateBanks', 'default', 'App', 1741719507, 1),
(58, '2025-03-03-000006', 'App\\Database\\Migrations\\CreateBanklists', 'default', 'App', 1741719508, 1),
(59, '2025-03-03-000007', 'App\\Database\\Migrations\\CreateStatus', 'default', 'App', 1741719508, 1),
(60, '2025-03-03-000008', 'App\\Database\\Migrations\\CreateGamemasters', 'default', 'App', 1741719508, 1),
(61, '2025-03-03-000009', 'App\\Database\\Migrations\\CreateGamerules', 'default', 'App', 1741719509, 1),
(62, '2025-03-03-000010', 'App\\Database\\Migrations\\CreateGroups', 'default', 'App', 1741719509, 1),
(63, '2025-03-03-000011', 'App\\Database\\Migrations\\CreateMembers', 'default', 'App', 1741719509, 1),
(64, '2025-03-03-000012', 'App\\Database\\Migrations\\CreateBankStatements', 'default', 'App', 1741719510, 1),
(65, '2025-03-03-000013', 'App\\Database\\Migrations\\CreateCiSessions', 'default', 'App', 1741719510, 1),
(66, '2025-03-03-000014', 'App\\Database\\Migrations\\CreateGroupLives', 'default', 'App', 1741719510, 1),
(67, '2025-03-03-000015', 'App\\Database\\Migrations\\CreateGroupLiveCardOpens', 'default', 'App', 1741719511, 1),
(68, '2025-03-03-000016', 'App\\Database\\Migrations\\CreateGamblingHistories', 'default', 'App', 1741719511, 1),
(69, '2025-03-03-000017', 'App\\Database\\Migrations\\CreateHowtoplayM', 'default', 'App', 1741719511, 1),
(70, '2025-03-03-000018', 'App\\Database\\Migrations\\CreateLnvitelink', 'default', 'App', 1741719512, 1),
(71, '2025-03-03-000019', 'App\\Database\\Migrations\\CreateLogs', 'default', 'App', 1741719512, 1),
(72, '2025-03-03-000020', 'App\\Database\\Migrations\\CreateLogswebhook', 'default', 'App', 1741719512, 1),
(73, '2025-03-03-000021', 'App\\Database\\Migrations\\CreateLogAdmins', 'default', 'App', 1741719513, 1),
(74, '2025-03-03-000022', 'App\\Database\\Migrations\\CreateGroupmemberlists', 'default', 'App', 1741719513, 1),
(75, '2025-03-03-000023', 'App\\Database\\Migrations\\CreatePayments', 'default', 'App', 1741719513, 1),
(76, '2025-03-03-000024', 'App\\Database\\Migrations\\CreateMemberStatements', 'default', 'App', 1741719514, 1),
(77, '2025-03-03-000025', 'App\\Database\\Migrations\\CreateSigninlogs', 'default', 'App', 1741719514, 1),
(78, '2025-03-03-000026', 'App\\Database\\Migrations\\CreateUsersigninlogs', 'default', 'App', 1741719514, 1);

-- --------------------------------------------------------

--
-- Table structure for table `payments`
--

CREATE TABLE `payments` (
  `PAY_ID` bigint NOT NULL COMMENT 'รหัสประจำตัวการชำระเงิน (Primary Key)',
  `user_id` int NOT NULL COMMENT 'รหัสผู้ใช้ (Foreign Key จาก members)',
  `PAY_IN` tinyint(1) NOT NULL DEFAULT '0' COMMENT 'สถานะเงินเข้า (0 = ไม่เข้า, 1 = เข้า)',
  `PAY_OUT` tinyint(1) NOT NULL DEFAULT '0' COMMENT 'สถานะเงินออก (0 = ไม่ออก, 1 = ออก)',
  `status_id` int NOT NULL COMMENT 'รหัสสถานะ (Foreign Key จาก status)',
  `PAY_created_at` timestamp NOT NULL COMMENT 'วันเวลาที่สร้างข้อมูล',
  `PAY_updated_at` timestamp NOT NULL COMMENT 'วันเวลาที่อัพเดทข้อมูลล่าสุด',
  `PAY_deleted_at` timestamp NOT NULL COMMENT 'วันเวลาที่ลบข้อมูล',
  `blit_id` bigint DEFAULT NULL COMMENT 'รหัสบัญชีธนาคาร (Foreign Key จาก banklists)',
  `PAY_APPROVE` tinyint(1) DEFAULT NULL COMMENT 'สถานะการอนุมัติ (0 = ยังไม่อนุมัติ, 1 = อนุมัติ)',
  `PAY_APPROVE_USER` varchar(255) COLLATE utf8mb4_general_ci DEFAULT NULL COMMENT 'รหัสผู้ใช้อนุมัติ',
  `PAY_APPROVE_TIME` timestamp NULL DEFAULT NULL COMMENT 'วันเวลาที่อนุมัติ',
  `PAY_SLIP` varchar(255) COLLATE utf8mb4_general_ci DEFAULT NULL COMMENT 'ชื่อไฟล์สลิป (ถ้ามี)',
  `PAY_MONEY` decimal(65,2) NOT NULL DEFAULT '0.00' COMMENT 'จำนวนเงินที่ชำระ',
  `PAY_DATE` date DEFAULT NULL COMMENT 'วันที่โอนเงิน',
  `PAY_TIME` time DEFAULT NULL COMMENT 'เวลาที่โอนเงิน'
) ENGINE=InnoDB DEFAULT CHARSET=utf8mb4 COLLATE=utf8mb4_general_ci;

-- --------------------------------------------------------

--
-- Table structure for table `permissions`
--

CREATE TABLE `permissions` (
  `PermissionID` int NOT NULL COMMENT 'รหัสประจำตัวสิทธิ์ (Primary Key)',
  `PermissionName` varchar(50) COLLATE utf8mb4_general_ci DEFAULT NULL COMMENT 'ชื่อสิทธิ์'
) ENGINE=InnoDB DEFAULT CHARSET=utf8mb4 COLLATE=utf8mb4_general_ci;

--
-- Dumping data for table `permissions`
--

INSERT INTO `permissions` (`PermissionID`, `PermissionName`) VALUES
(1, 'Add'),
(2, 'Edit'),
(3, 'Delete'),
(4, 'show');

-- --------------------------------------------------------

--
-- Table structure for table `rolepermissions`
--

CREATE TABLE `rolepermissions` (
  `RoleID` int NOT NULL COMMENT 'รหัสบทบาท (Foreign Key จาก roles)',
  `PermissionID` int NOT NULL COMMENT 'รหัสสิทธิ์ (Foreign Key จาก permissions)'
) ENGINE=InnoDB DEFAULT CHARSET=utf8mb4 COLLATE=utf8mb4_general_ci;

--
-- Dumping data for table `rolepermissions`
--

INSERT INTO `rolepermissions` (`RoleID`, `PermissionID`) VALUES
(1, 1),
(2, 1),
(1, 2),
(2, 2),
(3, 2),
(1, 3),
(2, 3),
(1, 4),
(2, 4),
(3, 4);

-- --------------------------------------------------------

--
-- Table structure for table `roles`
--

CREATE TABLE `roles` (
  `RoleID` int NOT NULL COMMENT 'รหัสประจำตัวบทบาท (Primary Key)',
  `RoleName` varchar(50) COLLATE utf8mb4_general_ci DEFAULT NULL COMMENT 'ชื่อบทบาท'
) ENGINE=InnoDB DEFAULT CHARSET=utf8mb4 COLLATE=utf8mb4_general_ci;

--
-- Dumping data for table `roles`
--

INSERT INTO `roles` (`RoleID`, `RoleName`) VALUES
(1, 'Admin'),
(2, 'MANAGER'),
(3, 'STAFF'),
(4, 'Super Admin'),
(5, 'STAFF ROOM'),
(6, 'STAFF MEMBER'),
(7, 'STAFF BANK'),
(8, 'AGENT');

-- --------------------------------------------------------

--
-- Table structure for table `signinlogs`
--

CREATE TABLE `signinlogs` (
  `sig_id` bigint UNSIGNED NOT NULL COMMENT 'รหัสประจำตัวล็อกการเข้าใช้ (Primary Key)',
  `sig_type` varchar(255) COLLATE utf8mb4_general_ci DEFAULT NULL COMMENT 'ประเภทการเข้าใช้',
  `sig_text` text COLLATE utf8mb4_general_ci COMMENT 'เนื้อหาของล็อก',
  `sig_ip` text COLLATE utf8mb4_general_ci COMMENT 'ที่อยู่ IP',
  `sig_comment` text COLLATE utf8mb4_general_ci COMMENT 'หมายเหตุเพิ่มเติม',
  `datetime` timestamp NULL DEFAULT NULL COMMENT 'วันเวลาของรายการ',
  `created_at` timestamp NULL DEFAULT NULL COMMENT 'วันเวลาที่สร้างข้อมูล',
  `updated_at` timestamp NULL DEFAULT NULL COMMENT 'วันเวลาที่อัพเดทข้อมูลล่าสุด',
  `deleted_at` timestamp NULL DEFAULT NULL COMMENT 'วันเวลาที่ลบข้อมูล (Soft Delete)'
) ENGINE=InnoDB DEFAULT CHARSET=utf8mb4 COLLATE=utf8mb4_general_ci;

--
-- Dumping data for table `signinlogs`
--

INSERT INTO `signinlogs` (`sig_id`, `sig_type`, `sig_text`, `sig_ip`, `sig_comment`, `datetime`, `created_at`, `updated_at`, `deleted_at`) VALUES
(1, 'success,login', 'sadmin@gmail.com', '58.136.163.247', 'Login Succesful', NULL, NULL, NULL, NULL),
(2, 'error,login', 'th777gkf1.com/ad', '49.237.21.205', 'emty email', NULL, NULL, NULL, NULL),
(3, 'error,login', 'th777gkf1.com/ad', '49.237.21.205', 'emty email', NULL, NULL, NULL, NULL),
(4, 'error,login', 'th777gkf1.com/ad', '49.237.21.205', 'emty email', NULL, NULL, NULL, NULL),
(5, 'error,login', 'th777gkf1.com/ad', '49.237.21.205', 'emty email', NULL, NULL, NULL, NULL),
(6, 'error,login', 'th777gkf1.com/ad', '49.237.21.205', 'emty email', NULL, NULL, NULL, NULL),
(7, 'error,login', 'th777gkf1.com/ad', '49.237.21.205', 'emty email', NULL, NULL, NULL, NULL),
(8, 'error,login', 'th777gkf1.com/ad', '49.237.21.205', 'emty email', NULL, NULL, NULL, NULL),
(9, 'error,login', 'th777gkf1.com/ad', '49.237.21.205', 'emty email', NULL, NULL, NULL, NULL),
(10, 'success,login', 'sadmin@gmail.com', '49.237.21.205', 'Login Succesful', NULL, NULL, NULL, NULL),
(11, 'success,login', 'sadmin@gmail.com', '49.237.21.205', 'Login Succesful', NULL, NULL, NULL, NULL),
(12, 'success,login', 'sadmin@gmail.com', '49.237.9.178', 'Login Succesful', NULL, NULL, NULL, NULL),
(13, 'success,login', 'sadmin@gmail.com', '49.237.20.42', 'Login Succesful', NULL, NULL, NULL, NULL),
(14, 'error,login', '0637820777', '49.237.20.42', 'emty email', NULL, NULL, NULL, NULL),
(15, 'error,login', '0637820777', '49.237.20.42', 'emty email', NULL, NULL, NULL, NULL),
(16, 'error,login', '0637820777', '49.237.20.42', 'emty email', NULL, NULL, NULL, NULL),
(17, 'error,login', '0637820777', '49.237.20.42', 'emty email', NULL, NULL, NULL, NULL),
(18, 'error,login', '0637820777', '49.237.20.42', 'emty email', NULL, NULL, NULL, NULL),
(19, 'error,login', '0637820777', '49.237.20.42', 'emty email', NULL, NULL, NULL, NULL),
(20, 'error,login', '0637820777', '49.237.20.42', 'emty email', NULL, NULL, NULL, NULL),
(21, 'error,login', '0637820777', '49.237.20.42', 'emty email', NULL, NULL, NULL, NULL),
(22, 'error,login', '0637820777', '49.237.20.42', 'emty email', NULL, NULL, NULL, NULL),
(23, 'error,login', '0637820777', '49.237.20.42', 'emty email', NULL, NULL, NULL, NULL),
(24, 'error,login', '0637820777', '49.237.20.42', 'emty email', NULL, NULL, NULL, NULL),
(25, 'error,login', '0637820777', '49.237.20.42', 'emty email', NULL, NULL, NULL, NULL),
(26, 'error,login', '0637820777', '49.237.20.42', 'emty email', NULL, NULL, NULL, NULL),
(27, 'error,login', 'mung95lampang@gmail .com', '49.237.46.11', 'emty email', NULL, NULL, NULL, NULL),
(28, 'error,login', 'mung95lampang@gmail .com', '49.237.46.11', 'emty email', NULL, NULL, NULL, NULL),
(29, 'error,login', 'mung95lampang@gmail .com', '49.237.46.11', 'emty email', NULL, NULL, NULL, NULL),
(30, 'error,login', 'mung95lampang@gmail .com', '49.237.46.11', 'emty email', NULL, NULL, NULL, NULL),
(31, 'error,login', 'mung95lampang@gmail .com', '49.237.46.11', 'emty email', NULL, NULL, NULL, NULL),
(32, 'error,login', 'mung95lampang@gmail .com', '49.237.46.11', 'emty email', NULL, NULL, NULL, NULL),
(33, 'error,login', '0637820777', '49.237.46.11', 'emty email', NULL, NULL, NULL, NULL),
(34, 'error,login', '0637820777', '49.237.46.11', 'emty email', NULL, NULL, NULL, NULL),
(35, 'success,login', 'sadmin@gmail.com', '49.237.46.11', 'Login Succesful', NULL, NULL, NULL, NULL),
(36, 'success,login', 'sadmin@gmail.com', '49.237.46.11', 'Login Succesful', NULL, NULL, NULL, NULL),
(37, 'success,login', 'sadmin@gmail.com', '49.237.23.33', 'Login Succesful', NULL, NULL, NULL, NULL),
(38, 'success,login', 'sadmin@gmail.com', '49.237.23.33', 'Login Succesful', NULL, NULL, NULL, NULL),
(39, 'success,login', 'sadmin@gmail.com', '49.237.46.11', 'Login Succesful', NULL, NULL, NULL, NULL);

-- --------------------------------------------------------

--
-- Table structure for table `status`
--

CREATE TABLE `status` (
  `status_id` int NOT NULL COMMENT 'รหัสประจำตัวสถานะ (Primary Key)',
  `status_name` varchar(100) COLLATE utf8mb4_general_ci DEFAULT NULL COMMENT 'ชื่อสถานะภาษาไทย',
  `status_note` text COLLATE utf8mb4_general_ci COMMENT 'หมายเหตุของสถานะ',
  `status_type` enum('bank','user','admin','live') COLLATE utf8mb4_general_ci NOT NULL COMMENT 'ประเภทสถานะ (bank, user, admin, live)',
  `status_nameEN` varchar(100) COLLATE utf8mb4_general_ci DEFAULT NULL COMMENT 'ชื่อสถานะภาษาอังกฤษ',
  `status_class` varchar(100) COLLATE utf8mb4_general_ci NOT NULL COMMENT 'คลาส CSS ของสถานะ'
) ENGINE=InnoDB DEFAULT CHARSET=utf8mb4 COLLATE=utf8mb4_general_ci;

--
-- Dumping data for table `status`
--

INSERT INTO `status` (`status_id`, `status_name`, `status_note`, `status_type`, `status_nameEN`, `status_class`) VALUES
(1, 'เงินเข้า', NULL, 'bank', 'Incoming money', 'text-success'),
(2, 'เงินออก', NULL, 'bank', 'Money out', 'text-danger'),
(3, 'เงินเข้า', NULL, 'user', 'Incoming money', 'text-success'),
(4, 'เงินออก', NULL, 'user', 'Money out', 'text-danger'),
(5, 'รอเปิด', NULL, 'live', 'รอเปิด', 'text-info'),
(6, 'ปิด Live', NULL, 'live', 'ปิด Live', 'text-danger'),
(7, 'กำลังเล่น', NULL, 'live', 'กำลังเล่น', 'text-primary'),
(8, 'เปิดแล้ว', NULL, 'live', 'เปิดแล้ว', 'text-success'),
(9, 'ลงเดิมพัน', 'ลงเดิมพัน', 'live', 'ลงเดิมพัน', 'text-danger'),
(10, 'ชนะเดิมพัน', 'ชนะเดิมพัน', 'live', 'ชนะเดิมพัน', 'text-success');

-- --------------------------------------------------------

--
-- Table structure for table `usersigninlogs`
--

CREATE TABLE `usersigninlogs` (
  `USIG_ID` int NOT NULL COMMENT 'รหัสประจำตัวล็อกการเข้าใช้ของผู้ใช้ (Primary Key)',
  `USIG_created_at` timestamp NOT NULL COMMENT 'วันเวลาที่สร้างข้อมูล',
  `USIG_datetime` timestamp NULL DEFAULT NULL COMMENT 'วันเวลาของรายการ',
  `user_id` int DEFAULT NULL COMMENT 'รหัสผู้ใช้ (Foreign Key จาก members)',
  `USIG_TOKEN` text COLLATE utf8mb4_general_ci COMMENT 'โทเค็นการเข้าใช้',
  `USIG_TYPE` varchar(50) COLLATE utf8mb4_general_ci DEFAULT NULL COMMENT 'ประเภทการเข้าใช้',
  `USIG_IP` varchar(255) COLLATE utf8mb4_general_ci DEFAULT NULL COMMENT 'ที่อยู่ IP'
) ENGINE=InnoDB DEFAULT CHARSET=utf8mb4 COLLATE=utf8mb4_general_ci;

--
-- Indexes for dumped tables
--

--
-- Indexes for table `accounts_admin`
--
ALTER TABLE `accounts_admin`
  ADD PRIMARY KEY (`ac_id`),
  ADD UNIQUE KEY `ac_code` (`ac_code`),
  ADD UNIQUE KEY `ac_email` (`ac_email`),
  ADD KEY `RoleID` (`RoleID`);

--
-- Indexes for table `banklists`
--
ALTER TABLE `banklists`
  ADD PRIMARY KEY (`blit_id`),
  ADD UNIQUE KEY `blit_number` (`blit_number`),
  ADD KEY `banklists1` (`bank_id`),
  ADD KEY `banklists2` (`ac_code`);

--
-- Indexes for table `banks`
--
ALTER TABLE `banks`
  ADD PRIMARY KEY (`bank_id`);

--
-- Indexes for table `bank_statements`
--
ALTER TABLE `bank_statements`
  ADD PRIMARY KEY (`bstate_id`),
  ADD KEY `bank_statements1` (`bank_id`),
  ADD KEY `bank_statements2` (`blit_id`),
  ADD KEY `bank_statements3` (`user_id`),
  ADD KEY `bank_statements4` (`status_id`),
  ADD KEY `bank_statements5` (`ac_code`);

--
-- Indexes for table `ci_sessions`
--
ALTER TABLE `ci_sessions`
  ADD PRIMARY KEY (`id`),
  ADD KEY `ci_sessions_timestamp` (`timestamp`);

--
-- Indexes for table `gambling_histories`
--
ALTER TABLE `gambling_histories`
  ADD PRIMARY KEY (`gamb_ID`),
  ADD KEY `gambli1` (`glco_ID`),
  ADD KEY `gambli2` (`grId`),
  ADD KEY `gambli3` (`groupId`),
  ADD KEY `gambli4` (`groupLive_ID`),
  ADD KEY `gambli5` (`msID`),
  ADD KEY `gambli6` (`user_id`);

--
-- Indexes for table `gamemasters`
--
ALTER TABLE `gamemasters`
  ADD PRIMARY KEY (`msID`);

--
-- Indexes for table `gamerules`
--
ALTER TABLE `gamerules`
  ADD PRIMARY KEY (`grId`),
  ADD KEY `mg_gr_1` (`msID`);

--
-- Indexes for table `groupmemberlists`
--
ALTER TABLE `groupmemberlists`
  ADD PRIMARY KEY (`listId`),
  ADD KEY `groupmemberlists_user_id_foreign` (`user_id`),
  ADD KEY `groupmemberlists_groupId_foreign` (`groupId`);

--
-- Indexes for table `groups`
--
ALTER TABLE `groups`
  ADD PRIMARY KEY (`groupId`),
  ADD UNIQUE KEY `groupId` (`groupId`),
  ADD KEY `msIDTo1` (`msID`);

--
-- Indexes for table `group_lives`
--
ALTER TABLE `group_lives`
  ADD PRIMARY KEY (`groupLive_ID`),
  ADD KEY `groupIDTOGL` (`groupId`),
  ADD KEY `msGame_Live` (`msID`);

--
-- Indexes for table `group_live_card_opens`
--
ALTER TABLE `group_live_card_opens`
  ADD PRIMARY KEY (`glco_ID`),
  ADD KEY `glco_1` (`grId`),
  ADD KEY `glco_2` (`groupId`),
  ADD KEY `glco_3` (`groupLive_ID`),
  ADD KEY `glco_4` (`msID`),
  ADD KEY `glco_5` (`status_id`);

--
-- Indexes for table `howtoplay_m`
--
ALTER TABLE `howtoplay_m`
  ADD PRIMARY KEY (`htp_id`),
  ADD KEY `howtoplay_m_msID_foreign` (`msID`);

--
-- Indexes for table `lnvitelink`
--
ALTER TABLE `lnvitelink`
  ADD PRIMARY KEY (`LL_ID`),
  ADD KEY `lnvitelink1` (`ac_code`),
  ADD KEY `lnvitelink2` (`groupId`),
  ADD KEY `lnvitelink3` (`user_id`);

--
-- Indexes for table `logs`
--
ALTER TABLE `logs`
  ADD PRIMARY KEY (`LogID`);

--
-- Indexes for table `logswebhook`
--
ALTER TABLE `logswebhook`
  ADD PRIMARY KEY (`lwb_id`);

--
-- Indexes for table `log_admins`
--
ALTER TABLE `log_admins`
  ADD PRIMARY KEY (`log_id`),
  ADD KEY `log_admins_ac_code_foreign` (`ac_code`),
  ADD KEY `log_admins_user_id_foreign` (`user_id`),
  ADD KEY `log_admins` (`status_id`);

--
-- Indexes for table `members`
--
ALTER TABLE `members`
  ADD PRIMARY KEY (`user_id`),
  ADD KEY `member_1` (`user_agent`);

--
-- Indexes for table `member_statements`
--
ALTER TABLE `member_statements`
  ADD PRIMARY KEY (`statement_ID`),
  ADD KEY `member_statements1` (`user_id`),
  ADD KEY `member_statements2` (`status_id`),
  ADD KEY `member_statements3` (`blit_id`),
  ADD KEY `member_statements4` (`ac_code`),
  ADD KEY `member_statements5` (`PAY_ID`);

--
-- Indexes for table `migrations`
--
ALTER TABLE `migrations`
  ADD PRIMARY KEY (`id`);

--
-- Indexes for table `payments`
--
ALTER TABLE `payments`
  ADD PRIMARY KEY (`PAY_ID`),
  ADD KEY `payments2` (`status_id`),
  ADD KEY `payments3` (`user_id`),
  ADD KEY `payments1` (`blit_id`);

--
-- Indexes for table `permissions`
--
ALTER TABLE `permissions`
  ADD PRIMARY KEY (`PermissionID`);

--
-- Indexes for table `rolepermissions`
--
ALTER TABLE `rolepermissions`
  ADD PRIMARY KEY (`RoleID`,`PermissionID`),
  ADD KEY `PermissionID` (`PermissionID`);

--
-- Indexes for table `roles`
--
ALTER TABLE `roles`
  ADD PRIMARY KEY (`RoleID`);

--
-- Indexes for table `signinlogs`
--
ALTER TABLE `signinlogs`
  ADD PRIMARY KEY (`sig_id`);

--
-- Indexes for table `status`
--
ALTER TABLE `status`
  ADD PRIMARY KEY (`status_id`);

--
-- Indexes for table `usersigninlogs`
--
ALTER TABLE `usersigninlogs`
  ADD PRIMARY KEY (`USIG_ID`),
  ADD KEY `usersigninlogs_user_id_foreign` (`user_id`);

--
-- AUTO_INCREMENT for dumped tables
--

--
-- AUTO_INCREMENT for table `accounts_admin`
--
ALTER TABLE `accounts_admin`
  MODIFY `ac_id` bigint UNSIGNED NOT NULL AUTO_INCREMENT COMMENT 'รหัสประจำตัวแอดมิน (Primary Key)', AUTO_INCREMENT=3;

--
-- AUTO_INCREMENT for table `banklists`
--
ALTER TABLE `banklists`
  MODIFY `blit_id` bigint NOT NULL AUTO_INCREMENT COMMENT 'รหัสประจำตัวบัญชีธนาคาร (Primary Key)', AUTO_INCREMENT=2;

--
-- AUTO_INCREMENT for table `banks`
--
ALTER TABLE `banks`
  MODIFY `bank_id` bigint NOT NULL AUTO_INCREMENT COMMENT 'รหัสประจำตัวธนาคาร (Primary Key)', AUTO_INCREMENT=27;

--
-- AUTO_INCREMENT for table `bank_statements`
--
ALTER TABLE `bank_statements`
  MODIFY `bstate_id` bigint NOT NULL AUTO_INCREMENT COMMENT 'รหัสประจำตัวรายการธนาคาร (Primary Key)';

--
-- AUTO_INCREMENT for table `gambling_histories`
--
ALTER TABLE `gambling_histories`
  MODIFY `gamb_ID` bigint NOT NULL AUTO_INCREMENT COMMENT 'รหัสประจำตัวประวัติการพนัน (Primary Key)';

--
-- AUTO_INCREMENT for table `gamemasters`
--
ALTER TABLE `gamemasters`
  MODIFY `msID` bigint NOT NULL AUTO_INCREMENT COMMENT 'รหัสประจำตัวเกม (Primary Key)', AUTO_INCREMENT=4;

--
-- AUTO_INCREMENT for table `gamerules`
--
ALTER TABLE `gamerules`
  MODIFY `grId` bigint NOT NULL AUTO_INCREMENT COMMENT 'รหัสประจำตัวกติกา (Primary Key)', AUTO_INCREMENT=11;

--
-- AUTO_INCREMENT for table `groupmemberlists`
--
ALTER TABLE `groupmemberlists`
  MODIFY `listId` bigint NOT NULL AUTO_INCREMENT COMMENT 'รหัสประจำตัวรายการสมาชิกกลุ่ม (Primary Key)';

--
-- AUTO_INCREMENT for table `group_lives`
--
ALTER TABLE `group_lives`
  MODIFY `groupLive_ID` bigint NOT NULL AUTO_INCREMENT COMMENT 'รหัสประจำตัวกลุ่มไลฟ์ (Primary Key)', AUTO_INCREMENT=3;

--
-- AUTO_INCREMENT for table `group_live_card_opens`
--
ALTER TABLE `group_live_card_opens`
  MODIFY `glco_ID` bigint NOT NULL AUTO_INCREMENT COMMENT 'รหัสประจำตัวการเปิดไพ่ (Primary Key)', AUTO_INCREMENT=401;

--
-- AUTO_INCREMENT for table `howtoplay_m`
--
ALTER TABLE `howtoplay_m`
  MODIFY `htp_id` int NOT NULL AUTO_INCREMENT COMMENT 'รหัสประจำตัววิธีการเล่น (Primary Key)';

--
-- AUTO_INCREMENT for table `lnvitelink`
--
ALTER TABLE `lnvitelink`
  MODIFY `LL_ID` int NOT NULL AUTO_INCREMENT COMMENT 'รหัสประจำตัวลิงค์เชิญ (Primary Key)';

--
-- AUTO_INCREMENT for table `logs`
--
ALTER TABLE `logs`
  MODIFY `LogID` int NOT NULL AUTO_INCREMENT COMMENT 'รหัสประจำตัวล็อก (Primary Key)';

--
-- AUTO_INCREMENT for table `logswebhook`
--
ALTER TABLE `logswebhook`
  MODIFY `lwb_id` bigint NOT NULL AUTO_INCREMENT COMMENT 'รหัสประจำตัวล็อก webhook (Primary Key)';

--
-- AUTO_INCREMENT for table `log_admins`
--
ALTER TABLE `log_admins`
  MODIFY `log_id` bigint NOT NULL AUTO_INCREMENT COMMENT 'รหัสประจำตัวล็อกแอดมิน (Primary Key)';

--
-- AUTO_INCREMENT for table `members`
--
ALTER TABLE `members`
  MODIFY `user_id` int NOT NULL AUTO_INCREMENT COMMENT 'รหัสประจำตัวสมาชิก (Primary Key)', AUTO_INCREMENT=4;

--
-- AUTO_INCREMENT for table `member_statements`
--
ALTER TABLE `member_statements`
  MODIFY `statement_ID` bigint NOT NULL AUTO_INCREMENT COMMENT 'รหัสประจำตัวรายการสมาชิก (Primary Key)';

--
-- AUTO_INCREMENT for table `migrations`
--
ALTER TABLE `migrations`
  MODIFY `id` bigint UNSIGNED NOT NULL AUTO_INCREMENT, AUTO_INCREMENT=79;

--
-- AUTO_INCREMENT for table `payments`
--
ALTER TABLE `payments`
  MODIFY `PAY_ID` bigint NOT NULL AUTO_INCREMENT COMMENT 'รหัสประจำตัวการชำระเงิน (Primary Key)';

--
-- AUTO_INCREMENT for table `permissions`
--
ALTER TABLE `permissions`
  MODIFY `PermissionID` int NOT NULL AUTO_INCREMENT COMMENT 'รหัสประจำตัวสิทธิ์ (Primary Key)', AUTO_INCREMENT=5;

--
-- AUTO_INCREMENT for table `roles`
--
ALTER TABLE `roles`
  MODIFY `RoleID` int NOT NULL AUTO_INCREMENT COMMENT 'รหัสประจำตัวบทบาท (Primary Key)', AUTO_INCREMENT=9;

--
-- AUTO_INCREMENT for table `signinlogs`
--
ALTER TABLE `signinlogs`
  MODIFY `sig_id` bigint UNSIGNED NOT NULL AUTO_INCREMENT COMMENT 'รหัสประจำตัวล็อกการเข้าใช้ (Primary Key)', AUTO_INCREMENT=40;

--
-- AUTO_INCREMENT for table `status`
--
ALTER TABLE `status`
  MODIFY `status_id` int NOT NULL AUTO_INCREMENT COMMENT 'รหัสประจำตัวสถานะ (Primary Key)', AUTO_INCREMENT=11;

--
-- AUTO_INCREMENT for table `usersigninlogs`
--
ALTER TABLE `usersigninlogs`
  MODIFY `USIG_ID` int NOT NULL AUTO_INCREMENT COMMENT 'รหัสประจำตัวล็อกการเข้าใช้ของผู้ใช้ (Primary Key)';

--
-- Constraints for dumped tables
--

--
-- Constraints for table `accounts_admin`
--
ALTER TABLE `accounts_admin`
  ADD CONSTRAINT `roles999` FOREIGN KEY (`RoleID`) REFERENCES `roles` (`RoleID`) ON DELETE CASCADE ON UPDATE CASCADE;

--
-- Constraints for table `banklists`
--
ALTER TABLE `banklists`
  ADD CONSTRAINT `banklists1` FOREIGN KEY (`bank_id`) REFERENCES `banks` (`bank_id`) ON DELETE CASCADE ON UPDATE CASCADE,
  ADD CONSTRAINT `banklists2` FOREIGN KEY (`ac_code`) REFERENCES `accounts_admin` (`ac_code`) ON DELETE CASCADE ON UPDATE CASCADE;

--
-- Constraints for table `bank_statements`
--
ALTER TABLE `bank_statements`
  ADD CONSTRAINT `bank_statements1` FOREIGN KEY (`bank_id`) REFERENCES `banks` (`bank_id`) ON DELETE CASCADE ON UPDATE CASCADE,
  ADD CONSTRAINT `bank_statements2` FOREIGN KEY (`blit_id`) REFERENCES `banklists` (`blit_id`) ON DELETE CASCADE ON UPDATE CASCADE,
  ADD CONSTRAINT `bank_statements3` FOREIGN KEY (`user_id`) REFERENCES `members` (`user_id`) ON DELETE CASCADE ON UPDATE CASCADE,
  ADD CONSTRAINT `bank_statements4` FOREIGN KEY (`status_id`) REFERENCES `status` (`status_id`) ON DELETE CASCADE ON UPDATE CASCADE,
  ADD CONSTRAINT `bank_statements5` FOREIGN KEY (`ac_code`) REFERENCES `accounts_admin` (`ac_code`) ON DELETE CASCADE ON UPDATE CASCADE;

--
-- Constraints for table `gambling_histories`
--
ALTER TABLE `gambling_histories`
  ADD CONSTRAINT `gambli1` FOREIGN KEY (`glco_ID`) REFERENCES `group_live_card_opens` (`glco_ID`) ON DELETE CASCADE ON UPDATE CASCADE,
  ADD CONSTRAINT `gambli2` FOREIGN KEY (`grId`) REFERENCES `gamerules` (`grId`) ON DELETE CASCADE ON UPDATE CASCADE,
  ADD CONSTRAINT `gambli3` FOREIGN KEY (`groupId`) REFERENCES `groups` (`groupId`) ON DELETE CASCADE ON UPDATE CASCADE,
  ADD CONSTRAINT `gambli4` FOREIGN KEY (`groupLive_ID`) REFERENCES `group_lives` (`groupLive_ID`) ON DELETE CASCADE ON UPDATE CASCADE,
  ADD CONSTRAINT `gambli5` FOREIGN KEY (`msID`) REFERENCES `gamemasters` (`msID`) ON DELETE CASCADE ON UPDATE CASCADE,
  ADD CONSTRAINT `gambli6` FOREIGN KEY (`user_id`) REFERENCES `members` (`user_id`) ON DELETE CASCADE ON UPDATE CASCADE;

--
-- Constraints for table `gamerules`
--
ALTER TABLE `gamerules`
  ADD CONSTRAINT `mg_gr_1` FOREIGN KEY (`msID`) REFERENCES `gamemasters` (`msID`) ON DELETE CASCADE ON UPDATE CASCADE;

--
-- Constraints for table `groupmemberlists`
--
ALTER TABLE `groupmemberlists`
  ADD CONSTRAINT `groupmemberlists_groupId_foreign` FOREIGN KEY (`groupId`) REFERENCES `groups` (`groupId`) ON DELETE CASCADE ON UPDATE CASCADE,
  ADD CONSTRAINT `groupmemberlists_user_id_foreign` FOREIGN KEY (`user_id`) REFERENCES `members` (`user_id`) ON DELETE CASCADE ON UPDATE CASCADE;

--
-- Constraints for table `groups`
--
ALTER TABLE `groups`
  ADD CONSTRAINT `msIDTo1` FOREIGN KEY (`msID`) REFERENCES `gamemasters` (`msID`) ON DELETE CASCADE ON UPDATE CASCADE;

--
-- Constraints for table `group_lives`
--
ALTER TABLE `group_lives`
  ADD CONSTRAINT `groupIDTOGL` FOREIGN KEY (`groupId`) REFERENCES `groups` (`groupId`) ON DELETE CASCADE ON UPDATE CASCADE,
  ADD CONSTRAINT `msGame_Live` FOREIGN KEY (`msID`) REFERENCES `gamemasters` (`msID`) ON DELETE CASCADE ON UPDATE CASCADE;

--
-- Constraints for table `group_live_card_opens`
--
ALTER TABLE `group_live_card_opens`
  ADD CONSTRAINT `glco_1` FOREIGN KEY (`grId`) REFERENCES `gamerules` (`grId`) ON DELETE CASCADE ON UPDATE CASCADE,
  ADD CONSTRAINT `glco_2` FOREIGN KEY (`groupId`) REFERENCES `groups` (`groupId`) ON DELETE CASCADE ON UPDATE CASCADE,
  ADD CONSTRAINT `glco_3` FOREIGN KEY (`groupLive_ID`) REFERENCES `group_lives` (`groupLive_ID`) ON DELETE CASCADE ON UPDATE CASCADE,
  ADD CONSTRAINT `glco_4` FOREIGN KEY (`msID`) REFERENCES `gamemasters` (`msID`) ON DELETE CASCADE ON UPDATE CASCADE,
  ADD CONSTRAINT `glco_5` FOREIGN KEY (`status_id`) REFERENCES `status` (`status_id`) ON DELETE CASCADE ON UPDATE CASCADE;

--
-- Constraints for table `howtoplay_m`
--
ALTER TABLE `howtoplay_m`
  ADD CONSTRAINT `howtoplay_m_msID_foreign` FOREIGN KEY (`msID`) REFERENCES `gamemasters` (`msID`) ON DELETE CASCADE ON UPDATE CASCADE;

--
-- Constraints for table `lnvitelink`
--
ALTER TABLE `lnvitelink`
  ADD CONSTRAINT `lnvitelink1` FOREIGN KEY (`ac_code`) REFERENCES `accounts_admin` (`ac_code`) ON DELETE CASCADE ON UPDATE CASCADE,
  ADD CONSTRAINT `lnvitelink2` FOREIGN KEY (`groupId`) REFERENCES `groups` (`groupId`) ON DELETE CASCADE ON UPDATE CASCADE,
  ADD CONSTRAINT `lnvitelink3` FOREIGN KEY (`user_id`) REFERENCES `members` (`user_id`) ON DELETE CASCADE ON UPDATE CASCADE;

--
-- Constraints for table `log_admins`
--
ALTER TABLE `log_admins`
  ADD CONSTRAINT `log_admins` FOREIGN KEY (`status_id`) REFERENCES `status` (`status_id`) ON DELETE CASCADE ON UPDATE CASCADE,
  ADD CONSTRAINT `log_admins_ac_code_foreign` FOREIGN KEY (`ac_code`) REFERENCES `accounts_admin` (`ac_code`) ON DELETE CASCADE ON UPDATE CASCADE,
  ADD CONSTRAINT `log_admins_user_id_foreign` FOREIGN KEY (`user_id`) REFERENCES `members` (`user_id`) ON DELETE CASCADE ON UPDATE CASCADE;

--
-- Constraints for table `members`
--
ALTER TABLE `members`
  ADD CONSTRAINT `member_1` FOREIGN KEY (`user_agent`) REFERENCES `accounts_admin` (`ac_code`) ON DELETE CASCADE ON UPDATE CASCADE;

--
-- Constraints for table `member_statements`
--
ALTER TABLE `member_statements`
  ADD CONSTRAINT `member_statements1` FOREIGN KEY (`user_id`) REFERENCES `members` (`user_id`) ON DELETE CASCADE ON UPDATE CASCADE,
  ADD CONSTRAINT `member_statements2` FOREIGN KEY (`status_id`) REFERENCES `status` (`status_id`) ON DELETE CASCADE ON UPDATE CASCADE,
  ADD CONSTRAINT `member_statements3` FOREIGN KEY (`blit_id`) REFERENCES `banklists` (`blit_id`) ON DELETE CASCADE ON UPDATE CASCADE,
  ADD CONSTRAINT `member_statements4` FOREIGN KEY (`ac_code`) REFERENCES `accounts_admin` (`ac_code`) ON DELETE CASCADE ON UPDATE CASCADE,
  ADD CONSTRAINT `member_statements5` FOREIGN KEY (`PAY_ID`) REFERENCES `payments` (`PAY_ID`) ON DELETE CASCADE ON UPDATE CASCADE;

--
-- Constraints for table `payments`
--
ALTER TABLE `payments`
  ADD CONSTRAINT `payments1` FOREIGN KEY (`blit_id`) REFERENCES `banklists` (`blit_id`) ON DELETE CASCADE ON UPDATE CASCADE,
  ADD CONSTRAINT `payments2` FOREIGN KEY (`status_id`) REFERENCES `status` (`status_id`) ON DELETE CASCADE ON UPDATE CASCADE,
  ADD CONSTRAINT `payments3` FOREIGN KEY (`user_id`) REFERENCES `members` (`user_id`) ON DELETE CASCADE ON UPDATE CASCADE;

--
-- Constraints for table `rolepermissions`
--
ALTER TABLE `rolepermissions`
  ADD CONSTRAINT `rolepermissions_PermissionID_foreign` FOREIGN KEY (`PermissionID`) REFERENCES `permissions` (`PermissionID`) ON DELETE CASCADE ON UPDATE CASCADE,
  ADD CONSTRAINT `rolepermissions_RoleID_foreign` FOREIGN KEY (`RoleID`) REFERENCES `roles` (`RoleID`) ON DELETE CASCADE ON UPDATE CASCADE;

--
-- Constraints for table `usersigninlogs`
--
ALTER TABLE `usersigninlogs`
  ADD CONSTRAINT `usersigninlogs_user_id_foreign` FOREIGN KEY (`user_id`) REFERENCES `members` (`user_id`) ON DELETE CASCADE ON UPDATE CASCADE;
COMMIT;

/*!40101 SET CHARACTER_SET_CLIENT=@OLD_CHARACTER_SET_CLIENT */;
/*!40101 SET CHARACTER_SET_RESULTS=@OLD_CHARACTER_SET_RESULTS */;
/*!40101 SET COLLATION_CONNECTION=@OLD_COLLATION_CONNECTION */;
